station_name,station_id,elevation,y,x,state,jan,feb,mar,apr,mai,jun,jul,aug,sep,oct,nov,dec,year
AACHEN-ORSBACH,15000,231,50.8,6.01666666666667,Nordrhein-Westfalen,78,72,72,59,77,89,80,82,74,74,73,84,914
ABBENSEN,12,61,52.3833333333333,10.1833333333333,Niedersachsen,60,46,56,42,55,67,68,73,57,53,56,64,697
AFFING,37,470,48.4666666666667,10.9833333333333,Bayern,46,42,54,54,90,92,106,96,68,56,54,59,817
AHAUS(AWST),7374,45.5,52.0833333333333,6.93333333333333,Nordrhein-Westfalen,78,61,70,48,65,74,77,76,75,71,76,81,852
AHAUSEN,39,29,53.0666666666667,9.31666666666667,Niedersachsen,72,54,64,44,58,70,80,73,67,67,66,73,788
AHLEN I_W_,42,70,51.7666666666667,7.86666666666667,Nordrhein-Westfalen,68,52,64,44,63,65,71,69,74,64,66,70,770
AHORN-EUBIGHEIM,47,338,49.5,9.55,Baden-Württemberg,64,56,66,51,69,69,82,57,57,73,63,76,783
ALBERSDORF,66,40,54.15,9.28333333333333,Schleswig-Holstein,76,59,66,46,59,85,95,93,92,98,86,84,939
ALBSTADT-BADKAP,71,759,48.2166666666667,8.98333333333333,Baden-Württemberg,68,64,79,72,116,103,115,86,72,83,70,86,1014
ALFELD (AWST),7367,143.9,51.9666666666667,9.8,Niedersachsen,83,64,74,54,71,74,79,78,70,69,75,86,877
ALPERSTEDT,87,158,51.1,11.05,Thüringen,26,27,32,37,59,51,63,50,41,31,38,37,492
ALT KRENZLIN-KRENZLINER,94,52,53.3166666666667,11.3166666666667,Mecklenburg-Vorpommern,57,48,50,41,55,61,68,70,51,50,54,58,663
ALTENDORF/OBERFRANKEN,6282,250,49.8,11,Bayern,52,46,53,43,62,66,77,55,59,55,56,60,684
ALTENHAGEN-STARKOW,119,7,54.2833333333333,12.75,Mecklenburg-Vorpommern,52,39,45,36,55,73,66,73,63,57,56,54,669
ALTENHOF,120,50,52.9166666666667,13.7166666666667,Brandenburg,53,42,49,37,59,68,65,63,49,40,50,57,632
ALTENKIRCHEN (KLAER),121,210,50.6833333333333,7.63333333333333,Rheinland-Pfalz,85,74,86,63,76,86,85,80,83,77,87,98,980
ALTMANNSTEIN-PONDORF,139,530,48.95,11.5666666666667,Bayern,56,51,57,45,77,85,92,80,59,62,61,69,794
ALTSHAUSEN,7224,570,47.9333333333333,9.55,Baden-Württemberg,50,49,57,66,99,104,112,94,79,64,63,70,907
AMERANG-PFAFFING,154,515,48.0166666666667,12.3,Bayern,60,60,83,76,117,138,148,136,101,73,76,79,1147
AMORBACH-NEUDORF,6285,420,49.65,9.26666666666667,Bayern,87,77,87,62,85,72,86,70,69,87,77,105,964
AMPFING (KLAERANLAGE),6286,400,48.2666666666667,12.4333333333333,Bayern,52,46,62,51,87,98,109,101,74,59,58,63,860
ANSBACH-SCHALKHAUSEN,178,418,49.3,10.5333333333333,Bayern,52,50,58,45,72,70,75,64,52,59,55,62,714
ARNSBERG-NEHEIM,7330,159,51.4666666666667,7.98333333333333,Nordrhein-Westfalen,81,66,78,57,72,81,86,80,76,71,79,81,908
ARNSTEIN-MUEDESHEIM,191,220,49.9666666666667,9.91666666666667,Bayern,56,47,54,44,64,63,73,53,54,56,57,64,685
ASSLING,6279,500,47.9833333333333,12,Bayern,59,56,78,68,106,126,145,129,91,69,73,73,1073
AUE,222,387,50.5833333333333,12.7166666666667,Sachsen,58,55,64,58,72,86,94,101,67,54,68,65,842
AUGSBURG (ST_STEPHAN),231,490,48.3666666666667,10.9,Bayern,50,45,58,57,90,97,106,94,69,55,57,62,840
AUGUSTUSBURG,237,451,50.8166666666667,13.1,Sachsen,64,59,69,54,71,79,100,101,67,54,73,73,864
AULENDORF-HASLACH,7135,565,47.9666666666667,9.68333333333333,Baden-Württemberg,44,45,54,67,103,107,120,97,82,62,61,63,905
AURA IM SINNGRUND,240,287,50.1833333333333,9.56666666666667,Bayern,90,73,79,58,71,71,83,68,69,78,79,97,916
AYING (BRAUEREI),6280,600,47.9666666666667,11.7666666666667,Bayern,64,61,84,78,112,135,154,140,102,73,80,82,1165
BABENHAUSEN,5615,565,48.15,10.25,Bayern,46,48,61,67,99,113,120,108,85,65,63,66,941
BABENHAUSEN-HARRESHAUSEN,249,122,49.9666666666667,8.98333333333333,Hessen,49,49,55,46,69,61,63,61,56,59,55,60,683
BADEWITZ BEI ZERBST,7500,82,52.0166666666667,12.1666666666667,Sachsen-Anhalt,42,34,44,33,55,58,57,60,49,37,46,50,565
BAIERSBRONN-MITTELTAL,269,596,48.5166666666667,8.31666666666667,Baden-Württemberg,189,158,172,111,143,126,137,121,115,148,165,202,1787
BAIERSBRONN-RUHESTEIN,4315,916,48.5666666666667,8.21666666666667,Baden-Württemberg,183,168,189,134,169,152,177,148,151,193,179,219,2062
BAIERSDORF-HAGENAU,272,285,49.6666666666667,11.0666666666667,Bayern,58,50,59,47,68,69,85,65,65,61,62,68,757
BALINGEN-BRONNHAUPTEN,13965,619,48.2666666666667,8.81666666666667,Baden-Württemberg,57,54,64,65,104,91,93,81,65,72,63,70,879
BALLERSTEDT,7372,35,52.7333333333333,11.7166666666667,Sachsen-Anhalt,47,38,42,32,47,58,61,55,47,42,46,48,563
BARSINGHAUSEN-EGESTORF,6084,96,52.2833333333333,9.5,Niedersachsen,71,54,68,51,62,70,73,78,62,62,65,73,789
BARSINGHAUSEN-HOHENBOST_,294,110,52.3166666666667,9.43333333333333,Niedersachsen,68,52,63,49,62,68,72,79,63,61,63,70,770
BASSUM,5822,40,52.8666666666667,8.7,Niedersachsen,69,52,58,43,56,67,73,71,64,63,65,70,751
BECKUM-UNTERBERG,326,120,51.7166666666667,8.05,Nordrhein-Westfalen,72,55,70,48,68,74,80,79,75,67,72,76,836
BEDBURG-WEILER HOHENHOLZ,7378,101,51.0166666666667,6.51666666666667,Nordrhein-Westfalen,64,57,62,51,69,78,73,71,66,65,65,69,790
BEELITZ,328,39,52.2333333333333,12.9833333333333,Brandenburg,45,37,43,32,52,59,57,59,43,37,43,52,559
BELGERSHAIN,7323,150,51.2333333333333,12.55,Sachsen,42,39,49,43,55,61,77,68,54,38,52,51,629
BELM,342,103.3,52.3166666666667,8.16666666666667,Niedersachsen,88,64,72,49,61,74,79,83,73,76,78,86,883
BERCHTESGADEN,6190,600,47.6333333333333,13,Bayern,90,90,121,100,145,180,195,208,135,89,103,107,1563
BERCHTESGADEN-UNTERAU,364,715,47.65,13.05,Bayern,105,98,136,111,152,197,219,220,157,102,115,125,1737
BERCHTESGADEN/JENNER,7287,980,47.6,13.0166666666667,Bayern,116,111,153,120,179,208,231,231,165,110,124,137,1885
BERKHOLZ-MEYENBURG,7079,14,53.05,14.25,Brandenburg,38,32,37,32,53,58,61,58,44,32,40,42,527
BERLEBURG_BAD-STUENZEL,390,610,50.9833333333333,8.36666666666667,Nordrhein-Westfalen,134,95,103,70,85,87,92,91,99,104,111,133,1204
BERLIN-ALEXANDERPLATZ,399,37,52.5166666666667,13.4,Berlin,49,40,45,34,56,60,64,58,46,39,47,53,591
BERLIN-KOEPENICK(KANISW),410,33,52.4,13.7333333333333,Berlin,45,38,42,34,59,58,63,57,48,36,45,52,577
BERLIN-MARZAHN,420,60,52.55,13.5666666666667,Berlin,49,41,46,34,57,59,61,59,48,38,47,53,592
BERLIN-TREPTOW,434,35,52.45,13.4666666666667,Berlin,50,40,45,34,60,60,62,62,48,39,47,55,602
BERNBEUREN-PRACHTSRIED,443,936,47.7333333333333,10.75,Bayern,72,68,92,90,135,169,177,162,112,85,86,85,1333
BERNSDORF_ KRS_KAMENZ,452,145,51.3666666666667,14.0666666666667,Sachsen,52,42,53,43,57,58,79,80,53,43,57,60,677
BERSSEL,456,134,51.95,10.75,Sachsen-Anhalt,46,40,54,47,63,67,67,62,55,44,49,54,648
BERTSDORF-HOERNITZ,2252,270,50.9,14.75,Sachsen,46,41,51,41,64,65,76,84,52,42,55,55,672
BERUS (AWST),460,363,49.2666666666667,6.68333333333333,Saarland,82,67,71,56,74,70,77,69,73,85,80,98,902
BETZWEILER-WAELDE,7488,538,48.3833333333333,8.48333333333333,Baden-Württemberg,137,118,127,87,119,97,109,93,87,118,120,154,1366
BEVERN_KR_HOLZMINDEN,2323,110,51.85,9.5,Niedersachsen,74,56,68,49,64,69,73,75,68,65,69,75,805
BEVERUNGEN,470,101,51.6666666666667,9.38333333333333,Nordrhein-Westfalen,75,58,69,49,64,69,71,67,67,62,71,77,799
BIBERACH/RISS-BERGERHSN_,13715,604,48.1,9.8,Baden-Württemberg,46,46,57,66,100,107,113,103,81,66,62,65,912
BIBERBACH-MARKT,475,436,48.5333333333333,10.8166666666667,Bayern,49,44,56,53,87,86,98,85,69,58,57,63,805
BIELEFELD-DEPPENDORF,7106,105,52.0666666666667,8.45,Nordrhein-Westfalen,88,65,77,54,66,76,75,79,79,75,79,90,903
BILLERBECK,493,121,51.9666666666667,7.3,Nordrhein-Westfalen,90,66,75,51,68,74,81,75,79,76,83,92,910
BIRENBACH,7489,348,48.75,9.65,Baden-Württemberg,63,59,74,62,98,97,98,86,70,75,71,78,931
BIRKENAU,14157,172,49.5666666666667,8.7,Hessen,68,69,80,62,83,79,87,73,70,77,75,82,905
BISCHHAGEN,505,332,51.4333333333333,10.1,Thüringen,61,50,62,50,70,78,75,66,69,53,63,71,768
BLESENDORF,544,92,53.2,12.3333333333333,Brandenburg,53,44,48,35,52,61,61,56,48,45,48,56,607
BLUMBERG-RANDEN,13716,818,47.8166666666667,8.58333333333333,Baden-Württemberg,77,71,73,71,104,101,104,92,74,81,73,94,1015
BOBECK,550,344,50.9,11.8,Thüringen,46,44,52,49,68,70,89,75,58,45,63,61,720
BOCHOLT-LIEDERN(WASSER_),554,23,51.8333333333333,6.53333333333333,Nordrhein-Westfalen,65,50,62,42,65,70,72,69,69,67,69,69,769
BOCHUM,555,101,51.4833333333333,7.26666666666667,Nordrhein-Westfalen,77,62,71,50,68,77,82,80,76,75,74,81,873
BODDIN-LANGNOW-HEIDELBER,564,66,53.1,12.3166666666667,Brandenburg,53,43,48,32,48,61,57,56,50,44,48,53,593
BOECKE,13662,37,52.3,12.4,Brandenburg,41,35,42,31,53,55,56,61,48,36,42,49,549
BOESDORF,7285,68,52.4166666666667,11.0833333333333,Sachsen-Anhalt,47,37,45,35,49,57,59,57,46,40,44,51,567
BONN-ROLEBER (AWST),603,159,50.7333333333333,7.2,Nordrhein-Westfalen,61,54,64,54,72,86,78,78,72,63,66,68,816
BONNDORF/SCHW_,604,875,47.8166666666667,8.33333333333333,Baden-Württemberg,99,81,83,69,102,92,96,85,72,92,81,110,1062
BORKUM-FLUGPLATZ,7373,3,53.6,6.7,Niedersachsen,67,51,58,39,51,69,78,80,88,85,82,75,823
BORNUM,626,80,51.9833333333333,12.2,Sachsen-Anhalt,47,35,47,35,58,60,58,60,52,37,47,53,589
BOXBERG,633,125,51.4,14.5666666666667,Sachsen,47,42,50,39,59,59,78,73,51,39,50,54,641
BRAMSTEDT_BAD-BIMOEHLEN,646,15,53.9333333333333,9.95,Schleswig-Holstein,79,61,70,43,58,80,86,80,75,79,79,81,871
BRAMSTEDT-HAGEN,1919,3,53.3833333333333,8.63333333333333,Niedersachsen,66,48,59,42,54,77,80,73,72,69,70,67,777
BRAUNLAGE (AWST),656,607,51.7166666666667,10.6,Niedersachsen,156,105,132,74,80,103,101,100,111,115,134,154,1365
BRECKERFELD-WENGEBERG,6313,440,51.25,7.46666666666667,Nordrhein-Westfalen,151,116,126,80,94,103,107,107,113,123,134,150,1404
BREITENBRUNN-FUERBUCH,677,610,48.1333333333333,10.3666666666667,Bayern,48,50,64,73,103,122,127,114,87,68,66,70,992
BREMEN-FARGE,695,4,53.2,8.51666666666667,Bremen,60,44,53,39,51,70,70,67,63,61,60,59,697
BREMERVOERDE (AWST),704,10,53.45,9.13333333333333,Niedersachsen,72,53,63,43,59,77,87,79,74,71,74,73,825
BRILON-THUELEN,6264,457,51.4166666666667,8.65,Nordrhein-Westfalen,100,79,89,62,79,81,91,84,94,79,96,100,1034
BRUCHMUEHLBACH-M_,14304,238,49.3833333333333,7.45,Rheinland-Pfalz,68,62,67,53,69,61,69,68,64,79,70,87,817
BRUCHSAL-HEIDELSHEIM,731,130,49.1166666666667,8.63333333333333,Baden-Württemberg,52,54,62,53,78,70,78,63,59,70,64,73,776
BRUCHWEILER,14305,545,49.8,7.23333333333333,Rheinland-Pfalz,86,76,81,58,71,68,72,65,76,84,80,95,912
BUCH AM WALD-SCHOENBRONN,752,464,49.3333333333333,10.2833333333333,Bayern,58,54,62,49,75,73,76,66,58,67,60,70,768
BUCHA,753,310,50.8666666666667,11.5,Thüringen,36,36,47,46,64,61,75,65,51,39,52,46,618
BUCHENAU,756,202,51.0666666666667,10.2833333333333,Thüringen,48,41,53,43,68,61,66,57,57,46,57,57,654
BUCHENBACH,757,445,47.9666666666667,8,Baden-Württemberg,91,80,99,90,128,109,115,106,96,107,100,119,1240
BUECHELBERG,6315,123,49.0166666666667,8.18333333333333,Rheinland-Pfalz,60,57,60,53,76,73,72,56,59,73,64,77,780
BUNDENTHAL,6316,210,49.0833333333333,7.83333333333333,Rheinland-Pfalz,74,67,71,56,76,74,76,60,64,82,75,91,866
BURGAU,2454,480,48.4333333333333,10.4,Bayern,49,44,56,56,91,92,104,90,71,61,59,65,838
BURGSTEIN-GROBAU,1780,570,50.4333333333333,11.95,Sachsen,55,50,57,46,63,74,84,73,60,50,64,63,739
BURLADINGEN-HAUSEN,7138,682,48.3,9.06666666666667,Baden-Württemberg,60,56,72,69,106,100,99,87,67,72,66,76,930
BUTJADINGEN-INTE,4803,1,53.4833333333333,8.4,Niedersachsen,66,49,60,41,54,82,83,72,76,72,75,70,800
BUTTSTAEDT,828,184,51.1166666666667,11.4166666666667,Thüringen,36,34,41,40,59,61,70,60,47,36,48,45,577
CADENBERGE,6177,9,53.7666666666667,9.05,Niedersachsen,70,54,62,42,58,85,85,86,82,85,82,75,866
CARLOW,839,27,53.75,10.9333333333333,Mecklenburg-Vorpommern,58,44,52,40,51,65,73,73,55,55,55,59,680
CARLSFELD (AWST),840,897,50.4333333333333,12.6166666666667,Sachsen,96,85,104,75,92,106,127,122,99,84,104,111,1205
CHIEMING (WST),856,551.2,47.8833333333333,12.5333333333333,Bayern,75,73,104,83,125,155,160,155,109,82,86,95,1302
CLEEBERG,13682,310,50.45,8.55,Hessen,66,54,62,50,73,68,73,61,62,64,63,72,768
COELBE_ KR_ MARBURG-B_,3164,182,50.85,8.76666666666667,Hessen,64,49,54,42,66,62,66,59,59,60,57,69,707
COLMBERG-BINZWANGEN,6283,434,49.3833333333333,10.3666666666667,Bayern,54,51,59,44,70,72,73,62,57,62,58,66,728
COSCHEN,6170,40,52.0166666666667,14.7333333333333,Brandenburg,45,38,43,39,56,52,69,68,42,36,46,52,586
COSWIG,878,110,51.1166666666667,13.5666666666667,Sachsen,44,36,45,39,58,55,74,72,45,38,52,52,610
CREMLINGEN-DESTEDT,1278,160,52.25,10.7166666666667,Niedersachsen,56,44,56,44,57,66,67,67,57,50,55,60,679
CRIMMITSCHAU-M_,13774,327,50.8166666666667,12.3,Sachsen,43,42,51,47,64,67,84,77,58,43,58,55,689
CROSSEN-NICKELSDORF,6271,272,50.9833333333333,12,Thüringen,41,40,48,43,60,65,83,68,53,40,56,52,649
CROTTENDORF,890,652,50.5333333333333,12.9333333333333,Sachsen,70,64,74,62,77,88,105,100,73,59,78,80,930
CUXHAVEN-ALTENBRUCH,892,2,53.8333333333333,8.76666666666667,Niedersachsen,68,49,61,40,53,90,90,87,92,93,84,75,882
DAHLEM-SCHMIDTHEIM,902,572.5,50.4166666666667,6.56666666666667,Nordrhein-Westfalen,98,81,85,67,75,74,73,75,80,83,88,100,979
DAMME,5830,35,52.6166666666667,12.5666666666667,Brandenburg,43,32,39,27,50,52,56,58,46,38,44,47,532
DANNSTADT-SCHAUERNHEIM,6317,98,49.45,8.31666666666667,Rheinland-Pfalz,34,35,38,37,60,55,60,48,43,46,42,44,542
DARMSTADT,917,162,49.8833333333333,8.68333333333333,Hessen,55,53,66,49,76,67,75,66,63,66,63,66,765
DEGGENHAUSERTAL-AZENW_,931,708,47.8,9.41666666666667,Baden-Württemberg,65,62,75,83,115,119,133,108,97,82,81,90,1110
DEISENHOFEN_KR_MUENCHEN,933,585,48.0333333333333,11.5833333333333,Bayern,60,56,78,76,112,128,145,127,90,67,74,75,1088
DELBRUECK,934,88,51.7833333333333,8.56666666666667,Nordrhein-Westfalen,69,51,66,48,64,72,76,77,71,64,73,73,804
DEMKER,6273,36,52.5,11.85,Sachsen-Anhalt,41,34,39,30,52,56,57,56,46,36,41,45,533
DENKLINGEN-DIENHAUSEN,941,722,47.8833333333333,10.8333333333333,Bayern,60,63,78,78,114,131,139,130,98,72,78,77,1118
DERSUM,947,6,52.95,7.26666666666667,Niedersachsen,66,47,59,40,56,74,82,69,73,67,69,66,768
DEUSELBACH (AWST),953,480.5,49.7666666666667,7.05,Rheinland-Pfalz,68,63,68,53,69,67,73,69,71,74,68,75,818
DEUTSCHNEUDORF-BRUEDERW_,7343,688,50.6166666666667,13.4833333333333,Sachsen,81,70,81,60,81,90,115,113,74,60,84,88,997
DEWICHOW,3238,2,53.95,13.9666666666667,Mecklenburg-Vorpommern,45,33,40,32,50,57,57,58,51,43,49,46,561
DIESSEN/AMMERSEE-DETTEN_,6341,658,47.9666666666667,11.0166666666667,Bayern,53,56,70,73,109,124,139,125,92,69,72,71,1053
DIESSEN/AMMERSEE-RIEDER_,967,540,47.9833333333333,11.1,Bayern,47,49,62,62,95,108,121,112,83,62,64,61,926
DIETENHOFEN,970,405,49.4166666666667,10.6666666666667,Bayern,52,49,57,44,71,68,78,60,55,60,58,64,716
DIETFURT-MUEHLBACH,976,365,49.0166666666667,11.6166666666667,Bayern,52,48,54,41,68,77,81,74,55,55,57,60,722
DINGELSTAEDT,984,327,51.3166666666667,10.3166666666667,Thüringen,64,52,63,51,63,67,73,60,65,53,67,74,752
DINKELSBUEHL-O_WINSTETT_,985,491,49.05,10.2833333333333,Bayern,63,58,68,51,81,80,88,72,61,71,65,76,834
DOBRA,1002,94,51.5166666666667,13.45,Brandenburg,46,38,48,39,60,52,71,71,48,38,52,52,615
DODOW,7078,34,53.5,11,Mecklenburg-Vorpommern,59,46,55,41,53,65,70,68,56,53,55,59,680
DOEBERN,1004,135,51.6166666666667,14.6,Brandenburg,51,46,55,42,62,61,80,80,53,42,53,58,683
DOERNICK (AWST),6163,26.3,54.1666666666667,10.35,Schleswig-Holstein,61,46,53,40,55,72,78,77,65,67,65,63,742
DOLLE,1015,65,52.4166666666667,11.6166666666667,Sachsen-Anhalt,50,39,46,34,55,61,59,56,49,41,48,51,589
DONAUWOERTH-OSTERWEILER,7319,434,48.7333333333333,10.7333333333333,Bayern,46,41,51,45,81,76,87,72,57,55,54,56,721
DORSTEN-LEMBECK,15001,51,51.7333333333333,7.05,Nordrhein-Westfalen,81,62,73,49,68,76,80,76,78,75,78,84,880
DORTMUND-BRECHTEN,1033,96,51.5666666666667,7.46666666666667,Nordrhein-Westfalen,71,58,65,48,65,74,73,76,69,69,67,75,810
DREBACH,1040,490,50.6666666666667,13.0166666666667,Sachsen,73,64,72,61,78,82,99,103,70,56,78,81,917
DRESDEN-STREHLEN,1051,119,51.0166666666667,13.7666666666667,Sachsen,40,35,51,39,61,59,90,76,48,38,51,47,635
DREWITZ_BEI BURG,1052,80,52.2166666666667,12.1666666666667,Sachsen-Anhalt,44,38,44,33,55,58,60,63,51,39,46,53,584
DUENGENHEIM,1069,490,50.2666666666667,7.16666666666667,Rheinland-Pfalz,66,51,62,51,64,60,60,51,60,61,61,70,717
DUERRENBERG_BAD,1074,103,51.3,12.0833333333333,Sachsen-Anhalt,31,30,40,40,52,55,76,58,48,31,44,43,548
DUERRHENNERSDORF,7337,332,51.05,14.6166666666667,Sachsen,58,50,59,45,67,70,88,88,58,47,61,65,756
DUINGEN-CAPELLENHAGEN,1082,205,52,9.7,Niedersachsen,83,64,74,54,69,75,81,78,74,70,76,86,884
DUISBURG-BAERL,13670,25,51.5166666666667,6.7,Nordrhein-Westfalen,72,57,65,48,67,72,72,77,71,68,71,75,815
EBENSFELD-PFERDSFELD,1092,279,50.0833333333333,11,Bayern,58,47,50,46,65,66,78,59,64,54,59,65,711
ECKERNFOERDE,1115,8,54.4833333333333,9.85,Schleswig-Holstein,73,52,61,41,54,72,79,79,74,85,75,71,816
ECKOLSTAEDT,6218,285,51.0333333333333,11.65,Thüringen,40,40,49,47,65,64,81,71,53,42,58,54,664
EDELSFELD,1119,535,49.5833333333333,11.7,Bayern,81,67,71,50,74,76,91,70,69,72,73,85,879
EDERTAL-BERGHEIM,15117,193,51.1666666666667,9.15,Hessen,49,38,44,38,61,61,60,52,53,46,50,49,601
EGGEBEK,1130,17,54.6333333333333,9.36666666666667,Schleswig-Holstein,74,51,62,40,55,73,87,76,81,94,77,74,844
EGING AM SEE-R_,14301,415,48.7333333333333,13.2666666666667,Bayern,91,78,88,56,82,91,109,95,77,71,80,102,1020
EIBENSTOCK (TALSP_),1153,546,50.5333333333333,12.6,Sachsen,68,64,79,66,81,93,103,110,79,63,78,80,964
EICHENDORF,1158,350,48.6333333333333,12.85,Bayern,56,47,61,49,76,91,99,87,66,56,61,66,815
EICHSTAETT-LANDERSHOFEN,1161,384,48.8833333333333,11.2333333333333,Bayern,52,45,50,41,68,70,81,68,54,55,53,59,696
EIME,1168,90,52.0833333333333,9.71666666666667,Niedersachsen,68,53,61,45,60,66,68,67,62,59,62,71,742
EINOELLEN,7139,303,49.6166666666667,7.65,Rheinland-Pfalz,70,60,63,51,66,64,68,65,63,75,68,83,796
EISENACH (AWST),7368,312.4,51,10.3666666666667,Thüringen,60,54,64,52,72,68,72,65,65,55,68,70,765
EISLEBEN,1181,125,51.5333333333333,11.55,Sachsen-Anhalt,35,33,40,33,52,52,59,48,45,31,41,45,514
ELLRICH-WERNA,5484,235,51.5833333333333,10.7166666666667,Thüringen,74,55,65,42,58,61,69,65,56,56,68,74,743
ELMSTEIN (KLAER_),15039,216,49.35,7.95,Rheinland-Pfalz,66,58,63,52,69,63,63,57,56,71,65,80,763
ELPERSBUETTEL (AWST),1200,3,54.0666666666667,9.01666666666667,Schleswig-Holstein,66,48,56,40,57,82,88,90,86,96,81,73,863
ELSENDORF-HORNECK,7075,425,48.7,11.85,Bayern,49,43,56,47,76,83,89,84,66,58,58,60,769
ELSTERHEIDE-GEIERSWALDE,1571,108,51.5,14.1166666666667,Sachsen,47,41,48,39,54,59,73,74,49,40,54,53,631
ELTERLEIN,1211,600,50.5833333333333,12.8666666666667,Sachsen,72,65,78,67,79,91,104,107,74,60,83,81,961
ELZACH-FISNACHT,1214,440,48.2,8.11666666666667,Baden-Württemberg,120,115,122,104,152,122,134,117,104,130,127,150,1497
EMDEN (WEWA),5839,-0.3,53.3833333333333,7.23333333333333,Niedersachsen,69,52,64,41,57,72,84,76,82,77,78,71,823
EMDEN-WIDDELSWEHR,1220,0,53.3333333333333,7.26666666666667,Niedersachsen,68,50,62,41,59,74,81,74,83,76,77,71,816
ENGEN/HEGAU,1239,540,47.85,8.76666666666667,Baden-Württemberg,46,47,47,48,76,92,85,64,64,62,52,63,746
ENKENBACH,6318,300,49.5333333333333,7.88333333333333,Rheinland-Pfalz,60,54,61,50,67,62,65,63,56,68,63,72,741
EPPENROD,14308,300,50.4,7.93333333333333,Rheinland-Pfalz,71,66,72,54,69,77,74,65,72,65,70,79,834
ERDEBORN,13782,95,51.4666666666667,11.6333333333333,Sachsen-Anhalt,32,30,38,34,53,51,64,49,43,31,39,40,504
ESSEN (RUHRHAUS),1302,100,51.45,7.01666666666667,Nordrhein-Westfalen,86,67,78,56,73,81,78,85,76,79,80,90,929
ETTAL-GRASWANG,6214,870,47.5666666666667,11.0166666666667,Bayern,90,86,120,105,145,193,204,196,127,93,103,103,1565
ETTAL-LINDERHOF,1313,940,47.5666666666667,10.9666666666667,Bayern,93,90,129,104,150,202,209,217,140,104,121,117,1676
ETTENHEIM,14135,215,48.25,7.88333333333333,Baden-Württemberg,58,60,72,75,114,96,108,90,82,86,76,83,1000
FALKENBERG (GRZ_SCH_M_),14138,73,52.1666666666667,14.1166666666667,Brandenburg,42,38,44,37,56,56,65,62,45,36,44,50,575
FALLINGBOSTEL-DORFMARK,1337,51,52.9,9.78333333333333,Niedersachsen,79,60,69,48,58,74,80,76,63,67,71,79,824
FEHMARN (WEWA),5516,3,54.5333333333333,11.0666666666667,Schleswig-Holstein,44,31,38,34,50,55,60,58,53,51,53,44,571
FELDBERG,1345,92,53.3333333333333,13.4333333333333,Mecklenburg-Vorpommern,49,39,48,33,55,67,56,54,47,41,49,50,588
FELDBERG/MECKLENBURG,7351,115.2,53.3166666666667,13.4166666666667,Mecklenburg-Vorpommern,52,43,50,35,57,70,60,57,49,44,51,52,620
FELDKIRCHEN-W_-LENZMUEH_,1844,517,47.9333333333333,11.9,Bayern,67,62,81,73,105,128,143,133,96,71,77,77,1113
FERCH,1353,58,52.3333333333333,12.9,Brandenburg,47,40,44,33,53,62,61,63,47,38,47,53,588
FEUCHTWANGEN-HEIL_(AWST),7369,475.1,49.1666666666667,10.3666666666667,Bayern,59,57,64,48,76,75,81,65,56,69,63,73,786
FICHTENWALDE,1360,68,52.2833333333333,12.9,Brandenburg,45,39,45,33,54,63,61,64,47,39,46,54,590
FINKENTHAL,1362,29,53.9333333333333,12.7833333333333,Mecklenburg-Vorpommern,48,38,46,36,57,72,67,63,56,45,50,53,631
FINNING(WINDACHSPEICHER),14350,627,48,11.0166666666667,Bayern,53,56,72,72,108,122,136,123,90,69,71,71,1043
FINSTERWALDE,1369,107,51.6333333333333,13.7166666666667,Brandenburg,44,36,44,36,52,51,66,68,46,36,48,49,576
FISCHBACHAU-SCHREIERN,1371,771,47.7666666666667,11.9166666666667,Bayern,96,90,120,101,138,170,184,181,128,93,109,107,1517
FLOH,1388,381,50.75,10.5,Thüringen,71,63,75,57,76,73,89,76,74,63,79,83,879
FLOSSENBUERG,1392,622,49.7333333333333,12.35,Bayern,77,67,75,55,77,90,101,89,77,72,76,87,943
FORST/LAUSITZ,1400,77,51.7333333333333,14.6333333333333,Brandenburg,45,40,44,37,56,53,77,71,45,37,50,53,608
FRAMMERSBACH,1403,260,50.0666666666667,9.45,Bayern,99,85,88,63,75,74,87,68,79,85,90,110,1003
FRANKENBERG-ALTENHAIN,7327,326,50.8833333333333,13.05,Sachsen,59,56,66,53,69,78,91,97,65,54,71,72,831
FRANKENTHAL-STUDERNHEIM,1413,101,49.5,8.36666666666667,Rheinland-Pfalz,32,32,38,37,61,58,65,52,44,46,42,43,550
FRANKENWINHEIM-WEINBERG,1414,220,49.8833333333333,10.3,Bayern,47,40,46,42,57,67,76,49,57,53,50,57,641
FRANKFURT/MAIN-WESTEND,1424,124,50.1333333333333,8.66666666666667,Hessen,54,48,51,41,62,63,63,52,56,60,53,62,665
FRASDORF,1430,605,47.8,12.2833333333333,Bayern,78,83,119,106,146,181,192,193,136,99,109,102,1544
FRAUENAU,1431,663,48.9833333333333,13.3166666666667,Bayern,113,93,102,60,88,104,120,113,87,79,93,124,1176
FREIENWALDE/ODER_BAD,1456,45,52.7833333333333,14.0333333333333,Brandenburg,48,41,46,37,57,65,66,61,49,37,50,52,609
FREIGERICHT-ALTENMITTLAU,1457,128.3,50.1333333333333,9.13333333333333,Hessen,60,53,60,51,73,68,78,65,64,67,64,69,772
FREUDENBERG/MAIN-BOXTAL,7187,193,49.7666666666667,9.4,Baden-Württemberg,61,57,67,51,71,69,71,61,57,62,63,70,760
FREUDENSTADT (KURGARTEN),1467,736,48.4666666666667,8.41666666666667,Baden-Württemberg,165,141,152,99,129,108,115,101,103,138,143,181,1575
FREUDENSTADT-KNIEBIS,1470,860,48.4666666666667,8.3,Baden-Württemberg,184,155,175,121,156,141,149,130,132,162,171,204,1880
FRIEDEBURG-WIESEDERMEER,1480,8,53.4833333333333,7.73333333333333,Niedersachsen,70,53,63,43,59,79,84,80,87,82,84,73,857
FRIEDLAND-GROSS SCHNEEN,5855,198,51.4333333333333,9.93333333333333,Niedersachsen,60,50,59,44,72,75,72,65,62,54,66,68,747
FRIEDRICHSHAFEN-UNTERRAD,6258,459,47.6833333333333,9.43333333333333,Baden-Württemberg,54,56,68,75,109,116,121,105,94,74,73,78,1023
FRITZLAR (BW),1504,172,51.1166666666667,9.28333333333333,Hessen,48,36,43,39,64,63,64,56,53,45,49,49,609
FROENDENBERG-HOHENHEIDE,6276,240,51.4833333333333,7.78333333333333,Nordrhein-Westfalen,96,79,86,61,78,86,95,86,85,84,89,96,1021
FUCHSHAIN,1512,138,51.2833333333333,12.5166666666667,Sachsen,43,39,47,40,51,58,73,64,51,36,51,52,605
FUERSTENZELL (WEWA),5856,476.4,48.55,13.35,Bayern,76,63,77,56,81,98,112,98,75,66,70,85,957
GADEBUSCH-GANZOW,1532,55,53.6833333333333,11.0666666666667,Mecklenburg-Vorpommern,58,45,53,41,52,65,69,71,57,55,57,61,684
GAGGENAU-ROTENFELS_BAD,1537,132,48.8166666666667,8.3,Baden-Württemberg,79,74,89,72,100,90,91,78,78,97,87,101,1036
GAILDORF,10339,341,49,9.76666666666667,Baden-Württemberg,78,72,81,60,87,86,86,74,65,81,74,91,935
GAIMERSHEIM,1539,384,48.8,11.3833333333333,Bayern,49,41,48,41,71,78,87,73,59,54,52,58,711
GAMMERTINGEN,7381,756,48.2666666666667,9.23333333333333,Baden-Württemberg,60,57,66,66,102,101,99,87,67,71,65,78,919
GANZLIN-TWIETFORT,1543,78,53.4,12.2833333333333,Mecklenburg-Vorpommern,52,43,50,36,53,67,60,60,50,45,50,55,621
GARMISCH-P_-GRIESEN,6307,801,47.4833333333333,10.95,Bayern,73,67,96,78,111,146,155,159,103,75,87,81,1231
GARREL-NIKOLAUSDORF,1551,16,52.9833333333333,8.08333333333333,Niedersachsen,74,57,69,44,65,78,82,76,75,71,74,76,841
GARSEBACH BEI MEISSEN,3234,157,51.1333333333333,13.4333333333333,Sachsen,44,37,47,39,58,59,73,76,47,39,53,53,625
GARTZ/ODER,1552,13,53.2,14.3833333333333,Brandenburg,38,32,39,32,51,63,65,55,46,35,40,40,536
GEBHARDSHAIN,1559,402,50.75,7.81666666666667,Rheinland-Pfalz,111,91,100,67,83,93,91,85,94,91,103,117,1126
GEISENHAUSEN,1579,467,48.4833333333333,12.2666666666667,Bayern,56,48,63,52,84,94,106,99,69,59,62,66,858
GEISINGEN,1584,672,47.9166666666667,8.65,Baden-Württemberg,48,46,52,57,91,94,94,81,63,62,53,65,806
GELBELSEE (AWST),1587,536,48.95,11.4333333333333,Bayern,58,52,61,54,88,95,104,94,68,65,64,71,874
GENTHIN (AWST),1605,35,52.3833333333333,12.1666666666667,Sachsen-Anhalt,39,32,39,28,57,57,59,60,50,36,43,46,546
GERETSRIED(FEUERWEHRS_),14351,610,47.85,11.5,Bayern,69,67,90,87,128,151,169,160,112,83,89,86,1291
GEROLSTEIN,13781,439,50.25,6.66666666666667,Rheinland-Pfalz,94,73,80,60,73,67,70,69,74,80,80,98,918
GERSDORF,2749,52,54.0833333333333,11.75,Mecklenburg-Vorpommern,48,38,43,34,52,66,62,68,59,50,54,54,628
GEVELSBERG-OBERBR_,13700,205,51.3333333333333,7.33333333333333,Nordrhein-Westfalen,104,80,91,65,76,87,87,86,86,90,96,104,1052
GIEBELSTADT,1636,295,49.65,9.95,Bayern,51,47,54,46,65,65,68,58,53,58,54,63,682
GILCHING,1642,550,48.1166666666667,11.2833333333333,Bayern,55,53,67,70,103,116,127,112,81,66,69,69,988
GITTELDE,1647,215,51.8,10.1833333333333,Niedersachsen,85,65,78,56,76,85,90,88,79,70,87,91,950
GLASHUETTE,1651,368,50.85,13.7666666666667,Sachsen,56,52,61,51,73,75,92,101,56,48,65,65,795
GLEISSENBERG-RIED,1660,419,49.3,12.7333333333333,Bayern,67,53,59,43,65,75,84,74,62,59,61,72,774
GLUECKSBURG-MEIERWIK(BW),1666,27,54.8333333333333,9.5,Schleswig-Holstein,78,56,62,40,57,72,86,82,80,91,77,77,858
GNARRENBURG-OBERKL_,14001,11,53.4166666666667,9.08333333333333,Niedersachsen,72,53,63,44,57,78,87,78,73,70,74,72,821
GNUTZ,1671,25,54.1333333333333,9.83333333333333,Schleswig-Holstein,78,57,67,43,62,82,91,83,80,86,81,81,891
GOEHREN_KRS_MECKL_-STRE_,1677,110,53.4166666666667,13.5666666666667,Mecklenburg-Vorpommern,44,37,45,35,55,67,60,59,47,40,49,48,586
GOERISRIED,1682,820,47.7,10.5166666666667,Bayern,93,86,112,98,143,175,185,170,127,98,106,111,1504
GOERZKE,1686,95,52.1666666666667,12.3666666666667,Brandenburg,48,39,47,35,55,55,58,64,49,39,49,56,594
GOLDBERG (AWST),1694,58,53.6,12.1,Mecklenburg-Vorpommern,44,39,43,35,52,66,62,58,50,44,48,49,590
GOLLHOFEN,5149,308,49.5666666666667,10.2,Bayern,46,44,52,45,67,71,73,57,58,58,51,56,678
GORDEN,1700,104,51.5333333333333,13.6166666666667,Brandenburg,44,38,46,37,53,54,67,69,46,38,50,51,593
GOTTFRIEDING (AWST),7395,350.4,48.6666666666667,12.5333333333333,Bayern,51,45,57,46,74,87,95,86,64,53,56,62,776
GRABOW-STADT,7413,30,53.2833333333333,11.5666666666667,Mecklenburg-Vorpommern,57,46,50,41,55,68,68,71,52,50,53,60,671
GRAEFENBERG-KASBERG,1721,506,49.6666666666667,11.2166666666667,Bayern,82,73,79,60,81,90,97,80,82,76,83,95,978
GRAEFENDORF/UFR_(KLAER_),6287,160,50.1166666666667,9.73333333333333,Bayern,64,52,57,44,60,62,69,58,58,60,59,68,711
GRAMBOW-SCHWENNENZ,6109,50,53.3833333333333,14.3666666666667,Mecklenburg-Vorpommern,38,33,40,33,51,60,66,59,47,36,42,40,545
GRANSEE,1740,54,53,13.1666666666667,Brandenburg,47,37,42,33,52,59,54,55,48,40,44,48,559
GREUSSEN,1765,163,51.2333333333333,10.9333333333333,Thüringen,29,28,35,35,54,50,60,49,42,32,39,41,494
GRIESBACH_BAD-KEMADING,1773,390,48.4833333333333,13.2166666666667,Bayern,62,54,69,54,81,96,108,99,69,61,64,73,890
GROEDITZ,1786,93,51.4166666666667,13.45,Sachsen,42,33,43,35,54,50,67,73,46,38,47,47,575
GROENENBACH-THAL,1788,676,47.8833333333333,10.25,Bayern,70,68,87,83,119,133,149,129,102,82,85,95,1202
GROSS BOERNECKE,1793,104,51.8833333333333,11.4666666666667,Sachsen-Anhalt,36,30,40,36,60,56,58,56,46,36,45,46,545
GROSS DOELLN,1796,58,53,13.5166666666667,Brandenburg,49,42,46,35,59,70,65,62,56,42,48,50,624
GROSS LUKOW,7077,54,53.5333333333333,13.0166666666667,Mecklenburg-Vorpommern,43,36,44,32,55,62,57,56,57,40,44,45,571
GROSS SCHWARZLOSEN,1811,45,52.5,11.75,Sachsen-Anhalt,43,35,40,30,51,57,57,57,45,36,41,47,539
GROSSBEEREN,1818,40,52.3666666666667,13.3166666666667,Brandenburg,50,43,46,35,57,60,64,59,49,40,46,55,604
GROSSENHAIN-SKASSA,4727,125,51.2833333333333,13.4666666666667,Sachsen,40,32,42,36,53,51,68,72,45,36,47,44,566
GROSSERLACH-MANNENWEILER,6259,523,49.0166666666667,9.6,Baden-Württemberg,91,85,101,75,107,99,105,89,80,99,91,110,1132
GROSSLEHNA,1848,118,51.3166666666667,12.1666666666667,Sachsen,34,32,42,41,52,57,74,60,48,32,47,43,562
GRUENDAU-BREITENBORN,1863,258,50.2666666666667,9.18333333333333,Hessen,74,65,73,58,77,75,95,76,76,79,79,89,916
GRUENEWALDE,1866,95,51.5,13.7166666666667,Brandenburg,48,40,48,39,56,54,70,70,49,39,52,53,618
GRUENOW (AWST),1869,55.9,53.3166666666667,13.9333333333333,Brandenburg,32,26,33,29,52,59,59,54,42,29,37,31,483
GRUND_BAD,1873,300,51.8,10.2333333333333,Niedersachsen,102,76,91,65,83,93,106,98,91,81,99,104,1089
GUCKHEIM,14309,331,50.5333333333333,7.95,Rheinland-Pfalz,95,79,86,59,74,76,84,75,83,82,90,104,987
GUENTERSBERGE/HARZ,1885,420,51.65,10.9833333333333,Sachsen-Anhalt,73,57,68,49,61,61,64,59,56,52,67,76,743
GUXHAGEN-ALBSHAUSEN,1907,279,51.2,9.51666666666667,Hessen,58,44,55,46,72,73,77,65,69,54,62,63,738
HAARBACH-WOLFAKIRCHEN,14667,417,48.5,13.1,Bayern,67,59,74,56,87,100,114,100,74,65,67,78,941
HAEHNICHEN-TREBUS,7423,163,51.35,14.8333333333333,Sachsen,52,44,53,40,59,66,87,80,55,43,55,57,691
HAHN (WEWA),5871,497,49.95,7.26666666666667,Rheinland-Pfalz,79,68,72,57,73,72,78,67,73,76,72,84,871
HAHNHEIM,6100,120,49.8666666666667,8.23333333333333,Rheinland-Pfalz,35,36,43,39,56,55,61,53,49,50,44,47,568
HAIMHAUSEN-OTTERSHAUSEN,1938,464,48.3,11.5333333333333,Bayern,48,45,61,55,91,103,105,101,77,62,59,63,870
HALLE-KROELLWITZ (AWST),1957,93,51.5166666666667,11.95,Sachsen-Anhalt,32,28,40,36,57,56,64,53,50,31,43,41,531
HAMBURG-KIRCHWERDER,1979,2,53.4166666666667,10.15,Hamburg,64,45,58,40,54,66,74,70,59,58,60,62,710
HAMELN-HASTENBECK,13675,77,52.0833333333333,9.4,Niedersachsen,71,54,64,48,62,66,71,73,62,61,66,75,773
HANKENSBUETTEL,2005,108,52.7166666666667,10.6,Niedersachsen,73,55,61,45,57,64,75,70,62,57,62,70,751
HANNOVER-KIRCHRODE,2012,57,52.3666666666667,9.81666666666667,Niedersachsen,57,44,54,44,56,65,67,70,57,52,55,59,680
HANSKUEHNENBURG,2020,811,51.7333333333333,10.4,Niedersachsen,156,115,139,89,98,117,127,122,129,118,155,163,1528
HARBURG RIES (AWST),2023,501.9,48.8,10.7,Bayern,44,39,48,44,82,81,89,72,59,55,52,54,719
HARTENSTEIN-RUPPRECHTST_,2029,410,49.6,11.4833333333333,Bayern,111,88,95,67,89,87,101,80,84,90,95,119,1106
HARTHA-FOERDERGERSDORF,2030,335,51,13.55,Sachsen,57,53,63,50,68,67,90,92,58,49,66,69,782
HARTMANNSDORF_KR_ODER-S_,2036,37,52.35,13.8333333333333,Brandenburg,49,41,45,35,55,53,68,60,49,37,47,54,593
HARZGERODE (AWST),2044,404,51.65,11.1333333333333,Sachsen-Anhalt,41,32,45,42,61,54,64,51,53,40,50,49,582
HASSLOCH,7486,111,49.35,8.26666666666667,Rheinland-Pfalz,42,41,44,41,62,59,59,47,46,52,48,54,595
HATTSTEDT,7298,5,54.5333333333333,9.05,Schleswig-Holstein,69,48,57,39,52,72,81,82,81,95,81,75,832
HAVELBERG,2070,34,52.8333333333333,12.0666666666667,Sachsen-Anhalt,48,38,43,33,46,58,58,59,51,42,45,48,569
HAYINGEN,2072,665,48.2666666666667,9.46666666666667,Baden-Württemberg,49,44,55,56,92,90,94,87,64,60,55,62,808
HECKELBERG,7389,82,52.75,13.85,Brandenburg,48,42,46,36,61,65,64,63,50,38,48,52,613
HEIDENHEIM/BRENZ,2088,498.4,48.6833333333333,10.1333333333333,Baden-Württemberg,71,61,70,57,86,82,94,77,65,68,68,81,880
HEIDESHEIM (KLAERANLAGE),7324,85,50,8.1,Rheinland-Pfalz,39,35,40,36,52,55,62,44,48,49,45,46,551
HEILBRONN-KLINGENBERG,2096,200,49.1166666666667,9.15,Baden-Württemberg,53,52,61,49,77,69,77,62,58,68,60,68,754
HEILIGENHAUS,2098,127,51.3166666666667,6.96666666666667,Nordrhein-Westfalen,91,71,83,62,75,88,87,88,82,85,91,97,1000
HELLENTHAL-HOLLERATH,2116,600,50.45,6.4,Nordrhein-Westfalen,107,92,93,70,78,79,78,75,83,86,91,109,1041
HELLENTHAL-UDENBRETH,2117,650,50.4166666666667,6.38333333333333,Nordrhein-Westfalen,135,108,111,79,83,89,89,85,98,105,111,136,1229
HELMBRECHTS,2119,650,50.2333333333333,11.7,Bayern,109,84,90,61,76,86,104,89,85,84,94,118,1080
HELMSTEDT-EMMERSTEDT,13777,110,52.25,10.9666666666667,Niedersachsen,49,40,50,40,51,62,59,61,49,44,49,54,608
HEMAU-EICHLBERG,2124,566,49.0833333333333,11.7166666666667,Bayern,65,59,65,52,85,93,96,85,67,64,69,76,876
HEMMOOR,2128,5,53.7,9.15,Niedersachsen,71,59,69,42,57,86,86,83,83,85,82,80,883
HENGERSBERG,2131,327,48.7666666666667,13.05,Bayern,88,75,82,56,87,92,107,97,78,68,78,98,1006
HENNIGSDF_-STOLPE_ SUED,4894,37,52.6333333333333,13.2333333333333,Brandenburg,49,41,45,33,57,59,59,60,48,39,48,53,591
HEPSTEDT,2140,29,53.25,9.1,Niedersachsen,73,52,66,43,59,79,86,75,68,68,70,71,810
HERDWANGEN-SCHOENACH,2146,608,47.8833333333333,9.21666666666667,Baden-Württemberg,55,50,58,65,97,96,113,89,76,68,60,74,901
HERMANNSBURG,2153,55,52.8333333333333,10.1,Niedersachsen,77,58,66,46,54,71,73,75,64,65,68,75,792
HERMARINGEN-ALLEWIND,7331,468,48.6166666666667,10.2666666666667,Baden-Württemberg,53,47,58,50,83,78,92,75,62,58,58,66,780
HERRENBERG,2159,430,48.6,8.85,Baden-Württemberg,55,52,59,55,88,78,83,73,58,67,58,67,793
HERRIEDEN-ELBERSROTH,2162,452,49.2,10.4166666666667,Bayern,57,54,62,45,71,74,77,62,55,64,59,69,749
HERZBERG,2174,238,51.6333333333333,10.3666666666667,Niedersachsen,83,61,76,56,72,83,88,81,75,69,81,89,914
HERZBERG-SCHARZFELD,2176,245,51.6333333333333,10.3833333333333,Niedersachsen,82,60,75,54,73,84,86,81,76,70,82,88,911
HESEL-SCHWERINSDORF,2181,7,53.3,7.66666666666667,Niedersachsen,69,54,64,42,58,80,84,73,80,73,75,69,821
HESS_LICHTENAU-FUERSTENH,2184,340,51.2166666666667,9.7,Hessen,73,59,70,57,79,80,85,70,78,67,75,80,873
HEUDEBER,2196,177,51.9,10.85,Sachsen-Anhalt,39,34,46,39,58,61,67,57,51,37,46,46,581
HEYDA BEI RIESA,7334,132,51.2666666666667,13.3666666666667,Sachsen,44,37,47,39,56,56,76,73,50,39,52,50,619
HIDDENSEE-VITTE,2201,1,54.5833333333333,13.1,Mecklenburg-Vorpommern,41,30,36,30,42,54,53,62,53,50,51,45,547
HILGERTSHAUSEN-TANDERN,2212,503,48.4333333333333,11.3333333333333,Bayern,50,45,60,58,93,101,113,95,72,60,60,65,872
HOECHST/ODW_-HUMMETROTH,2245,340,49.7833333333333,8.93333333333333,Hessen,68,62,76,59,86,70,86,70,69,73,68,79,866
HOHENBURG-MENDORFERBUCH,2280,490,49.3166666666667,11.8333333333333,Bayern,68,57,62,44,65,79,88,75,64,61,62,74,799
HOHENMOELSEN-WEBAU,2288,143,51.1833333333333,12.0833333333333,Sachsen-Anhalt,31,32,40,40,54,54,75,61,49,33,47,42,558
HOHENWARTH,2296,442,49.2,12.9333333333333,Bayern,64,53,65,47,81,91,99,95,71,60,62,71,859
HOHENZIERITZ-PRILLWITZ,2300,20,53.45,13.1333333333333,Mecklenburg-Vorpommern,44,36,44,31,53,64,59,56,46,41,43,45,562
HOHERODSKOPF-VB (WST),7396,743.3,50.5166666666667,9.21666666666667,Hessen,134,101,114,82,101,95,120,91,112,121,120,147,1338
HONNEF_BAD,2332,58,50.65,7.21666666666667,Nordrhein-Westfalen,48,43,55,49,64,75,70,65,61,52,54,52,688
HOPPENRADE-GARZ,2336,64,53.05,12.0833333333333,Brandenburg,52,40,46,33,48,63,59,59,50,46,46,51,593
HORLA,2343,395,51.5333333333333,11.1833333333333,Sachsen-Anhalt,47,43,51,42,64,58,62,52,51,42,51,57,620
HOYERSWERDA (WST),7393,115.9,51.45,14.25,Sachsen,47,40,51,41,57,62,68,78,48,40,52,51,635
HUEFINGEN-FUERSTENBERG,2359,797,47.8833333333333,8.55,Baden-Württemberg,74,66,72,66,100,97,101,86,70,81,70,88,971
HUEMMERICH,2362,328,50.5666666666667,7.48333333333333,Rheinland-Pfalz,76,68,78,61,74,86,82,83,81,73,80,84,926
HUETTGESWASEN,6333,650,49.7333333333333,7.13333333333333,Rheinland-Pfalz,119,99,99,70,85,83,87,84,91,108,104,128,1157
HUISHEIM,2369,490,48.8166666666667,10.7,Bayern,45,40,49,45,84,84,93,74,61,56,54,56,741
HUNGEN-RABERTSHAUSEN,6114,181,50.4666666666667,8.98333333333333,Hessen,56,44,57,47,71,68,85,65,65,62,56,59,735
IHRINGEN,2388,193,48.05,7.63333333333333,Baden-Württemberg,34,34,46,55,91,74,78,71,68,63,49,53,716
INGELFINGEN-STACHENHAUS_,6260,385,49.3333333333333,9.7,Baden-Württemberg,77,70,81,61,85,82,87,71,69,85,75,94,937
IRSCHENBERG-KASTHUB,2415,715,47.8166666666667,11.8666666666667,Bayern,88,87,112,94,135,162,173,170,119,86,100,106,1432
ISERLOHN-LETMATHE,2419,124,51.35,7.6,Nordrhein-Westfalen,85,73,80,54,73,82,80,79,71,73,75,79,904
ITZEHOE (WST),2429,21,53.9833333333333,9.56666666666667,Schleswig-Holstein,73,55,66,42,58,83,90,85,80,84,81,78,875
JACHENAU-TANNERN,6257,720,47.6333333333333,11.5166666666667,Bayern,90,93,125,109,151,192,211,202,135,95,115,109,1627
JAGEL (BW),2437,21.3,54.45,9.51666666666667,Schleswig-Holstein,74,52,62,39,55,77,88,80,77,90,80,73,847
JENA (KLAERANLAGE),2442,137,50.95,11.6333333333333,Thüringen,31,32,43,44,61,60,72,64,49,36,49,41,582
JERCHEL,2446,60,52.4666666666667,11.3333333333333,Sachsen-Anhalt,45,36,44,35,51,55,61,57,47,40,44,49,564
JESSNITZ,7364,74,51.6833333333333,12.3,Sachsen-Anhalt,39,32,45,36,54,52,62,54,50,34,47,47,552
JEVER (BW),2456,7,53.5333333333333,7.88333333333333,Niedersachsen,69,52,62,42,57,82,88,78,83,81,81,72,847
JUEHNDE-BARLISSEN,2470,245,51.4333333333333,9.81666666666667,Niedersachsen,75,56,71,49,72,72,78,67,71,59,77,80,827
JUEHNSDORF-BLANKENFELDE,2472,45,52.3166666666667,13.3833333333333,Brandenburg,48,41,44,33,59,61,63,57,48,39,48,55,596
JUETERBOG,2475,75,52,13.1,Brandenburg,41,33,40,32,52,49,57,56,46,31,42,46,525
KAISERSBACH-CRONHUETTE,2485,488.7,48.9166666666667,9.68333333333333,Baden-Württemberg,88,80,93,69,100,95,95,74,75,92,86,105,1052
KAISERSLAUTERN,2486,271,49.4333333333333,7.75,Rheinland-Pfalz,65,59,65,53,69,64,64,63,59,74,66,81,782
KALCHREUTH,2491,410,49.55,11.1333333333333,Bayern,62,55,65,51,76,78,90,72,67,69,67,73,825
KALKHORST-GROSS SCHWANSE,2495,10,53.9833333333333,11.0166666666667,Mecklenburg-Vorpommern,51,39,46,36,50,65,63,69,51,51,51,51,623
KALTENBORN-HOCHACHT,14313,568,50.4,7,Rheinland-Pfalz,71,62,67,59,76,71,73,75,71,66,64,72,827
KAMMERFORST,2508,270,51.1166666666667,10.4333333333333,Thüringen,63,53,65,51,70,63,72,60,63,51,69,74,754
KARLSHAGEN,6310,1,54.1,13.8166666666667,Mecklenburg-Vorpommern,49,37,44,35,52,63,61,61,55,46,49,49,601
KARLSRUHE-WOLFARTSWEIER,2523,125,48.9666666666667,8.45,Baden-Württemberg,56,55,63,55,85,74,83,64,62,78,66,75,816
KARLSTADT-ROHRBACH,2527,256,49.9666666666667,9.7,Bayern,66,57,61,48,65,62,69,56,58,65,62,78,747
KAROW,2528,40,52.35,12.2666666666667,Sachsen-Anhalt,41,34,40,29,49,54,56,60,46,34,41,46,530
KAUFUNGEN-NIEDERKAUF_,2544,185,51.2833333333333,9.6,Hessen,58,46,56,57,77,77,77,71,66,57,64,64,770
KEHL-ODELSHOFEN,2546,141,48.55,7.88333333333333,Baden-Württemberg,49,48,58,59,90,85,86,73,74,75,64,70,831
KELHEIM-THALDORF,14670,383,48.8833333333333,11.8833333333333,Bayern,48,44,51,41,64,77,83,74,57,54,55,60,708
KELLINGHUSEN,2552,3,53.95,9.73333333333333,Schleswig-Holstein,79,58,70,43,59,82,88,83,79,83,83,83,890
KEMBERG,2554,93,51.7666666666667,12.6333333333333,Sachsen-Anhalt,46,39,50,38,56,58,68,59,52,39,51,55,611
KEMLITZ,2555,108,51.85,13.5333333333333,Brandenburg,43,35,42,37,56,53,63,63,47,33,45,50,567
KIEFERSFELDEN-GACH,3679,518,47.6166666666667,12.1666666666667,Bayern,75,73,101,83,111,153,170,171,111,77,92,86,1303
KIEL-HOLTENAU (BW),2564,27,54.3833333333333,10.15,Schleswig-Holstein,70,47,57,40,54,71,84,74,67,77,70,67,778
KIEVE,2567,67,53.2666666666667,12.6,Mecklenburg-Vorpommern,50,41,48,34,55,61,59,56,48,44,48,53,597
KIPFENBERG,2570,395,48.95,11.4,Bayern,52,46,53,45,75,82,89,78,59,58,56,61,754
KIRCHBERG,2574,380,50.6166666666667,12.5166666666667,Sachsen,52,52,61,55,73,87,98,98,67,53,66,63,825
KIRCHBERG-STANGENGRUEN,4820,450,50.5833333333333,12.45,Sachsen,49,48,58,50,66,81,89,87,62,49,63,60,762
KIRCHBERG/HUNSRUECK,14314,392.5,49.9333333333333,7.38333333333333,Rheinland-Pfalz,72,61,65,53,68,68,72,62,67,70,66,78,802
KIRCHBERG/NDB_-ZELL,6191,683,48.9,13.15,Bayern,112,95,108,67,97,109,125,117,94,86,95,126,1231
KIRCHWEILER,6320,570,50.2333333333333,6.75,Rheinland-Pfalz,108,86,88,67,75,81,76,82,81,88,93,112,1037
KIRF-BEUREN,6321,325,49.55,6.45,Rheinland-Pfalz,87,71,75,60,76,79,79,71,77,88,81,97,941
KITTLITZ,2599,42,53.6666666666667,10.9,Schleswig-Holstein,63,48,56,42,56,66,74,72,58,58,58,63,714
KL_FELDBERG/TS_ (AWST),2601,825.6,50.2166666666667,8.45,Hessen,94,91,92,68,96,90,98,78,92,101,93,104,1097
KLEIN PLASTEN,2607,55,53.5333333333333,12.85,Mecklenburg-Vorpommern,46,35,44,32,53,63,56,56,47,41,46,48,567
KLEINBOTHEN,7326,134,51.2,12.7666666666667,Sachsen,45,41,51,41,55,61,75,69,52,40,55,55,640
KLEINICH,14315,437.5,49.9,7.18333333333333,Rheinland-Pfalz,74,63,69,57,72,69,74,67,71,74,68,78,836
KLESSEN,2625,38,52.7333333333333,12.5,Brandenburg,47,36,42,30,48,58,58,59,47,40,43,47,555
KLETTWITZ,2627,128,51.55,13.8833333333333,Brandenburg,48,39,49,40,57,56,72,70,48,40,52,52,623
KLINGENBERG TS,2633,395,50.9,13.5333333333333,Sachsen,60,57,67,53,75,74,94,102,61,52,70,70,835
KLINGENTHAL-KAMERUN,6269,730,50.3666666666667,12.4833333333333,Sachsen,96,96,111,65,96,100,114,146,99,94,96,114,1227
KLIPPENECK (AWST),2638,973.4,48.1,8.75,Baden-Württemberg,61,60,70,68,110,104,110,96,72,76,67,75,969
KLITZSCHEN BEI TORGAU,2641,85,51.5166666666667,12.9,Sachsen,44,35,47,38,52,52,72,61,47,37,50,51,586
KLOSTERFELDE,2648,50,52.7833333333333,13.4833333333333,Brandenburg,48,40,44,34,56,60,56,57,49,38,46,51,579
KNUELLWALD-NIEDERB_,2655,295,51.05,9.51666666666667,Hessen,54,43,52,49,71,68,73,64,63,55,60,57,709
KOCHEL,2658,600,47.6666666666667,11.3666666666667,Bayern,67,72,104,102,152,183,193,187,128,90,86,87,1451
KOENIGHEIM,7104,225,49.6166666666667,9.6,Baden-Württemberg,56,49,58,45,66,63,69,54,51,60,53,64,688
KOENIGSBERG/BAY_-HOLZHSN,6200,259,50.0833333333333,10.4833333333333,Bayern,53,46,50,45,60,62,78,53,55,56,58,62,678
KOENIGSFELD/SCHW_,2677,730,48.1333333333333,8.43333333333333,Baden-Württemberg,93,84,86,70,100,82,90,84,65,83,81,105,1023
KOENIGSLUTTER-RHODE,2687,121,52.3166666666667,10.8666666666667,Niedersachsen,53,42,51,40,47,58,64,63,53,47,51,58,627
KOENIGSMOOS-LUDWIGSMOOS,2690,382,48.6333333333333,11.1833333333333,Bayern,41,39,49,42,74,76,89,83,58,54,49,53,707
KOERPERICH,2699,298.5,49.9333333333333,6.25,Rheinland-Pfalz,82,62,67,56,65,71,70,68,71,78,74,88,852
KOETZTING,2706,408,49.1833333333333,12.8666666666667,Bayern,66,55,65,48,79,91,97,99,71,58,63,74,866
KOHLGRUB_BAD (ROSSHOF),2708,740,47.6666666666667,11.0833333333333,Bayern,72,69,98,90,133,170,177,171,114,83,90,82,1349
KOHREN-SAHLIS-G_,14130,203,51.0166666666667,12.5666666666667,Sachsen,41,40,50,45,59,65,81,75,57,42,56,54,665
KRAUTHEIM,7495,226,49.3833333333333,9.63333333333333,Baden-Württemberg,64,56,69,50,72,67,75,60,57,70,62,73,775
KREIPITZSCH,7420,246,51.1,11.7166666666667,Sachsen-Anhalt,41,41,51,48,63,60,80,68,51,39,55,55,652
KROENING-LEISTENECK,2748,488,48.55,12.3666666666667,Bayern,57,49,60,51,82,94,106,97,70,63,62,67,858
KRUMMHOERN-WOQUARD,15147,1,53.4333333333333,7.08333333333333,Niedersachsen,69,53,63,42,56,73,83,79,85,79,79,73,834
KUSEL (KLAERANLAGE),6322,215,49.5333333333333,7.43333333333333,Rheinland-Pfalz,85,68,72,51,67,62,64,67,65,83,76,96,856
KYRITZ (AWST),2794,40,52.9333333333333,12.4166666666667,Brandenburg,50,38,44,30,50,62,61,57,49,42,44,47,574
LALENDORF,2816,38,53.7666666666667,12.3833333333333,Mecklenburg-Vorpommern,49,41,46,35,57,69,57,61,51,44,48,51,609
LALLING,2817,353,48.8333333333333,13.1,Bayern,116,92,104,61,88,95,113,104,87,79,92,125,1156
LAM-LAMBACH,6215,692,49.2166666666667,13.0666666666667,Bayern,97,81,95,68,101,113,125,125,94,83,92,112,1186
LANDAU/ISAR,2823,338,48.6833333333333,12.7,Bayern,50,45,56,44,79,89,96,91,66,56,56,62,790
LANDAU/PFALZ-TAUBENSUHL,14316,525,49.2833333333333,7.91666666666667,Rheinland-Pfalz,102,88,93,66,85,82,82,72,78,100,94,119,1061
LANDSHUT,2831,393,48.5333333333333,12.1166666666667,Bayern,50,43,56,48,80,88,96,87,65,56,59,62,790
LANDSHUT-REITHOF,13710,490,48.5666666666667,12.25,Bayern,56,50,62,53,88,100,108,96,71,61,62,69,876
LANGEBRUECK,2836,213,51.1333333333333,13.85,Sachsen,55,47,56,45,69,65,87,90,54,48,62,64,742
LANGENBURG-ATZENROD,2848,458,49.25,9.86666666666667,Baden-Württemberg,82,75,87,64,89,86,87,77,68,87,79,100,981
LANGENHESSEN (KOBERBACHT,2853,275,50.7666666666667,12.35,Sachsen,37,36,45,42,62,67,79,77,55,43,53,49,645
LANGENLIPSDORF,2856,91,51.9166666666667,13.0833333333333,Brandenburg,42,34,41,33,51,52,60,57,46,33,46,49,544
LANGENWETZENDORF-GOETT_,7419,390,50.6666666666667,12.0833333333333,Thüringen,43,40,51,47,65,72,81,73,59,44,57,53,685
LANGGOENS-NIEDERKLEEN,2865,213,50.4833333333333,8.6,Hessen,58,47,56,45,71,64,67,57,56,57,55,62,695
LASTRUP-KNEHEIM,2870,42,52.8166666666667,7.96666666666667,Niedersachsen,78,54,67,44,60,72,81,71,72,69,71,75,814
LAUBEN/U_ALL-FRICKENHSN_,2874,620,48.0833333333333,10.3166666666667,Bayern,48,51,62,68,100,120,127,111,87,67,68,68,977
LAUCHHEIM (BERGHOF),13698,503,48.8833333333333,10.2333333333333,Baden-Württemberg,68,59,69,55,89,84,90,73,65,71,68,79,870
LAUPERATH-SCHEIDCHEN,200,517,50.0833333333333,6.31666666666667,Rheinland-Pfalz,102,77,83,69,75,77,74,75,82,91,93,107,1005
LAUTERBERG_BAD-BARTOLFEL,2890,305,51.6,10.4666666666667,Niedersachsen,99,72,89,59,73,83,89,80,81,79,94,103,1001
LECK (AWST),2907,7,54.7833333333333,8.95,Schleswig-Holstein,70,51,57,38,53,72,80,85,86,103,84,76,855
LEDERHOSE,3392,360,50.8,11.9,Thüringen,48,45,54,50,68,73,85,77,60,45,65,62,732
LEHRTE-SIEVERSHAUSEN,13699,66,52.3666666666667,10.1333333333333,Niedersachsen,60,46,56,43,56,66,70,73,57,54,56,63,700
LEINACH,2922,208,49.8666666666667,9.8,Bayern,54,47,52,43,64,63,66,56,52,57,54,65,673
LEIPZIG-KNAUTHAIN,2930,123,51.2666666666667,12.3,Sachsen,37,34,43,43,54,58,77,64,51,34,50,47,592
LENGERICH,2942,29,52.5666666666667,7.48333333333333,Niedersachsen,77,54,67,44,60,75,78,70,72,70,69,76,812
LENGGRIES (SYLVENSTEIN),6293,737,47.5833333333333,11.55,Bayern,97,97,130,111,147,191,210,204,137,96,120,112,1652
LEONBERG,2955,403,48.8,8.98333333333333,Baden-Württemberg,47,44,55,50,84,74,81,70,57,60,54,59,735
LEUCHTENBERG,2960,538,49.6,12.2666666666667,Bayern,62,51,59,46,74,85,91,74,64,58,58,70,792
LEUTKIRCH,2967,655,47.8166666666667,10.0166666666667,Baden-Württemberg,82,77,94,89,120,134,149,134,108,89,94,108,1278
LICHTENHAIN-MITTE_(AWST),2985,321,50.9333333333333,14.2166666666667,Sachsen,63,55,66,50,72,80,97,97,63,55,68,73,839
LICHTENTANNE,5797,353,50.6833333333333,12.4333333333333,Sachsen,45,43,51,49,68,74,88,84,61,46,58,55,722
LIEBENBURG,2991,125,52.0166666666667,10.4333333333333,Niedersachsen,59,44,61,46,62,67,68,72,61,51,57,64,712
LIEBENBURG-OTHFRESEN,7099,187,52.0166666666667,10.4,Niedersachsen,67,49,65,49,65,69,75,74,66,56,63,69,767
LINDAU-REVENSDORF,3011,15,54.4,9.93333333333333,Schleswig-Holstein,71,53,61,41,54,73,82,78,72,80,74,71,810
LINDLAR-OBERLICHTINGHAG_,3020,337,51.0666666666667,7.45,Nordrhein-Westfalen,148,111,125,77,99,102,108,101,114,116,132,151,1384
LINDOW/MARK,3021,40,52.9666666666667,12.9833333333333,Brandenburg,52,41,47,33,52,60,56,59,48,44,49,55,596
LINGERHAHN,14317,482,50.1,7.56666666666667,Rheinland-Pfalz,66,61,67,52,71,71,77,63,70,66,65,71,800
LINZ-UNKEL,13714,61,50.6166666666667,7.21666666666667,Rheinland-Pfalz,45,40,53,47,63,69,67,61,60,50,52,50,657
LOEBAU,3038,249,51.0833333333333,14.6833333333333,Sachsen,49,44,54,41,64,66,83,85,55,41,54,58,694
LOEFFINGEN-DITTISHAUSEN,3041,775,47.9166666666667,8.36666666666667,Baden-Württemberg,93,82,86,70,102,95,95,88,72,88,84,107,1062
LOEHNBERG-OBERSHAUSEN,3042,230,50.5666666666667,8.23333333333333,Hessen,87,70,77,54,67,68,74,65,73,77,79,95,886
LOENINGEN,3044,22,52.7166666666667,7.75,Niedersachsen,77,54,70,45,61,70,80,67,74,71,69,75,813
LOEWENBERG/MARK,3048,56,52.9,13.15,Brandenburg,48,39,44,34,54,59,56,57,47,38,45,51,572
LOHMEN,3053,50,53.6833333333333,12.1,Mecklenburg-Vorpommern,48,41,44,36,54,67,62,61,50,48,50,52,613
LOHR/M_-STEINBACH,3056,161,50.0166666666667,9.61666666666667,Bayern,79,69,68,51,66,63,66,57,61,68,69,89,806
LOHR/MAIN-HALSBACH,6336,285,50.0166666666667,9.65,Bayern,82,70,71,54,71,69,75,60,66,73,74,94,859
LOHSA,3057,125,51.3833333333333,14.4,Sachsen,49,43,53,42,59,63,79,78,52,41,52,56,667
LOTTSTETTEN-NACK,15041,413,47.6,8.58333333333333,Baden-Württemberg,83,72,76,68,95,94,91,85,73,85,78,98,998
LUEBBEN-BLUMENFELDE,3083,57,51.9333333333333,13.8833333333333,Brandenburg,42,37,41,38,54,53,65,63,48,34,46,49,570
LUEBECK-BLANKENSEE(AWST),3086,15.5,53.8,10.7,Schleswig-Holstein,63,48,55,42,52,70,69,78,58,58,59,60,712
LUEBECK-DORNBREITE,3087,20,53.8833333333333,10.65,Schleswig-Holstein,60,45,52,40,51,68,69,77,57,57,58,59,693
LUEBZ,3092,58,53.4833333333333,12.0333333333333,Mecklenburg-Vorpommern,53,45,49,37,53,67,63,64,49,47,51,54,632
LUEDENSCHEID (WEWA),3098,386.7,51.25,7.65,Nordrhein-Westfalen,135,103,112,70,86,91,100,94,105,107,118,129,1250
LUEDINGHAUSEN-BROCHTRUP,6337,58.9,51.7666666666667,7.51666666666667,Nordrhein-Westfalen,78,60,71,49,66,75,80,72,74,71,74,80,850
LUEGDE-PAENBRUCH (AWST),6197,258,51.8666666666667,9.26666666666667,Nordrhein-Westfalen,90,67,78,54,69,75,85,82,80,73,83,92,928
LUHE-WILDENAU-NEUMAIERH_,3111,425,49.6,12.1,Bayern,56,47,55,44,71,81,89,76,61,58,58,66,762
MACHERN,3119,148,51.3666666666667,12.65,Sachsen,49,42,51,45,53,62,73,65,54,38,56,57,645
MAGDALA,3125,275,50.9,11.45,Thüringen,35,36,46,45,61,60,74,61,49,37,51,45,600
MAISACH-GALGEN,6346,530,48.2,11.2,Bayern,56,50,69,64,104,108,118,105,79,64,66,71,954
MAISACH-ROTTBACH,3140,512,48.25,11.25,Bayern,45,40,56,51,90,99,115,93,70,58,56,57,830
MALLERSDORF-PFAFFENBERG,6182,404,48.7833333333333,12.1666666666667,Bayern,50,44,56,44,71,81,89,80,60,54,56,60,745
MALLISS,3148,40,53.2166666666667,11.3166666666667,Mecklenburg-Vorpommern,50,42,46,37,51,61,68,64,47,45,47,52,610
MALSBURG-MARZELL,7322,708,47.7666666666667,7.71666666666667,Baden-Württemberg,110,102,114,110,142,128,126,121,117,133,121,147,1471
MANNEBACH/EIFEL,13717,504.7,50.1666666666667,6.98333333333333,Rheinland-Pfalz,85,69,74,60,72,72,68,70,73,75,76,90,884
MARIENBERG (AWST),3166,639,50.65,13.15,Sachsen,56,51,64,59,74,89,106,108,71,56,68,63,865
MARIENBERG-REITZENHAIN,4149,764,50.5666666666667,13.2166666666667,Sachsen,68,63,72,60,78,95,106,104,74,57,78,80,935
MARIENHEIDE(KLAERA_NORD),3168,318,51.1,7.51666666666667,Nordrhein-Westfalen,155,116,128,78,91,102,108,105,115,120,136,156,1410
MARIENMUENSTER-VOERDEN,3172,223,51.8166666666667,9.23333333333333,Nordrhein-Westfalen,89,66,77,53,68,73,84,83,77,67,79,90,906
MARKLKOFEN(VILSTALSEE),1511,400,48.5666666666667,12.5666666666667,Bayern,56,47,63,51,82,93,103,94,71,59,59,66,844
MARKT ERLBACH-MOSBACH,6312,362,49.5333333333333,10.65,Bayern,52,48,58,44,66,70,77,62,56,59,58,64,714
MARKTLEUGAST,3187,581,50.1833333333333,11.6,Bayern,89,72,79,59,76,85,105,85,83,77,86,102,998
MARWITZ (WASSERWERK),3205,33,52.65,13.1833333333333,Brandenburg,49,41,46,32,55,59,56,57,49,41,49,54,588
MARXZELL-SCHIELBERG,3206,398,48.85,8.45,Baden-Württemberg,102,95,116,91,121,99,111,93,94,121,109,123,1275
MEDOW-WUSSENTIN,6110,11,53.85,13.5,Mecklenburg-Vorpommern,45,33,40,33,53,63,59,61,49,41,47,46,570
MEGESHEIM,1943,438,48.9333333333333,10.6666666666667,Bayern,46,42,50,41,80,76,79,72,58,54,52,54,704
MEINERZHAGEN-REDLENDORF,13713,380,51.0833333333333,7.63333333333333,Nordrhein-Westfalen,154,120,133,79,87,99,109,99,115,121,136,157,1409
MEISBURG,6323,523,50.1,6.68333333333333,Rheinland-Pfalz,103,81,85,67,74,80,76,77,83,90,91,113,1020
MELLE,3236,89,52.2,8.33333333333333,Niedersachsen,77,56,66,45,57,69,69,72,69,68,69,77,794
MENGERSGEREUTH-HAEMMERN,3248,508,50.3833333333333,11.1333333333333,Thüringen,110,86,89,63,79,73,93,76,81,79,99,123,1051
METTENHEIM,14318,89,49.7333333333333,8.33333333333333,Rheinland-Pfalz,32,34,40,35,61,51,62,55,47,48,43,46,554
MICHELSTADT-VIELB_(WST),3287,453,49.7166666666667,9.1,Hessen,87,79,91,69,100,81,96,79,78,90,81,100,1031
MIESBACH (KLAERANLAGE),6295,650,47.8,11.8333333333333,Bayern,90,87,115,96,133,162,175,171,123,91,104,107,1454
MITTELNKIRCHEN-HOHENFELD,4857,1,53.55,9.61666666666667,Niedersachsen,69,52,65,43,60,72,83,78,68,68,69,71,798
MOEMBRIS-NIEDERSTEINBACH,3318,160,50.0833333333333,9.15,Bayern,66,61,66,56,77,73,82,70,67,71,71,75,835
MONTABAUR,3340,265,50.4333333333333,7.8,Rheinland-Pfalz,79,69,80,57,70,78,80,71,77,72,75,87,895
MOORGRUND-GRAEFENDORF-N_,6272,283,50.85,10.25,Thüringen,54,48,60,50,71,65,70,64,59,52,62,64,719
MOOS/NDB_-MAXMUEHLE,6296,320,48.7833333333333,12.95,Bayern,77,66,77,53,80,88,100,93,76,64,72,90,936
MORINGEN-LUTTERBECK,3348,240,51.7166666666667,9.83333333333333,Niedersachsen,86,61,74,49,66,70,71,67,70,67,77,85,843
MUECHELN/GEISELTAL,3357,147,51.3166666666667,11.8,Sachsen-Anhalt,30,32,40,38,57,53,68,57,45,31,44,43,538
MUEHLACKER (AWST),3362,244,48.9666666666667,8.86666666666667,Baden-Württemberg,53,54,62,54,83,73,78,68,58,69,63,69,784
MUEHLHAUSEN-GOERMAR,6305,190,51.2,10.5,Thüringen,42,37,47,38,58,57,61,53,49,38,49,52,581
MUENCHBERG-STRAAS,3375,572,50.1833333333333,11.7666666666667,Bayern,86,72,76,55,75,83,100,88,80,81,82,97,975
MUENCHEHOFE,13712,44,52.15,13.8333333333333,Brandenburg,42,36,42,36,56,55,68,59,47,34,44,48,567
MUENCHEN-FLUGHAFEN,1262,445.5,48.35,11.8166666666667,Bayern,49,41,55,53,87,103,110,90,72,58,56,60,834
MUENCHEN-OBERMENZING,3387,522,48.15,11.45,Bayern,52,48,68,65,104,112,121,112,82,66,66,68,964
MUENNERSTADT-KLEINWENKH_,3400,278,50.25,10.2833333333333,Bayern,58,46,50,43,60,61,73,59,55,54,57,67,683
MUENSTER/OSNABRUECK,1766,47.8,52.1333333333333,7.7,Nordrhein-Westfalen,70,50,61,41,62,69,73,77,72,67,68,72,782
MUENSTERTAL-OBERM_TAL,3702,515,47.8833333333333,7.83333333333333,Baden-Württemberg,78,78,95,93,132,116,112,109,107,109,98,110,1237
NAGOLD,3432,380,48.5666666666667,8.71666666666667,Baden-Württemberg,66,61,66,58,86,77,82,73,58,72,63,78,840
NASSAU,13691,85,50.3166666666667,7.78333333333333,Rheinland-Pfalz,46,42,52,45,60,65,65,57,56,51,49,51,639
NASSAU (KLAERANLAGE),13912,80,50.3166666666667,7.78333333333333,Rheinland-Pfalz,46,42,52,45,60,65,65,57,56,51,49,51,639
NASTAETTEN,6186,268,50.2,7.86666666666667,Rheinland-Pfalz,56,51,57,48,65,67,71,61,59,59,57,62,713
NATTHEIM-FLEINHEIM,3440,530,48.7,10.3,Baden-Württemberg,64,56,67,55,89,83,99,77,67,67,65,77,866
NECKARGEMUEND-KLEINGEM_,3448,117,49.4,8.8,Baden-Württemberg,66,62,77,57,82,75,83,63,67,77,73,79,861
NEDLITZ,3451,98,52.0833333333333,12.2333333333333,Sachsen-Anhalt,46,37,46,36,57,58,59,64,52,40,49,54,598
NENNDORF,3459,80,53.3833333333333,9.9,Niedersachsen,81,56,74,48,63,77,85,83,69,69,75,81,861
NERESHEIM,15109,543,48.7666666666667,10.3333333333333,Baden-Württemberg,65,56,67,54,88,82,93,73,65,66,64,76,849
NETTELSEE,3467,40,54.1666666666667,10.1833333333333,Schleswig-Holstein,74,56,63,42,58,77,83,81,73,75,74,74,830
NETTETAL-HUELST,7344,45,51.3,6.2,Nordrhein-Westfalen,69,58,63,47,72,74,73,71,70,67,68,76,808
NEU MADLITZ,714,46,52.3666666666667,14.25,Brandenburg,44,37,43,36,56,55,64,60,45,35,43,50,568
NEU-ULRICHSTEIN,7410,350.3,50.75,9.01666666666667,Hessen,77,60,68,56,83,76,81,70,71,72,71,82,867
NEUBRANDENBURG (AWST),3478,81,53.55,13.1833333333333,Mecklenburg-Vorpommern,38,29,39,31,54,66,53,55,46,38,41,40,530
NEUBRUECK/SPREE,3480,42,52.2666666666667,14.2833333333333,Brandenburg,45,40,46,39,57,51,66,59,46,36,42,52,579
NEUBUKOW,3481,25,54.0333333333333,11.6666666666667,Mecklenburg-Vorpommern,53,46,46,39,55,70,69,72,57,51,55,57,670
NEUBURG/DONAU,3483,380,48.7333333333333,11.2,Bayern,53,43,52,46,76,75,88,77,59,57,56,60,742
NEUBURG/KAMMEL-LANGENHAS,3485,486,48.3166666666667,10.3833333333333,Bayern,49,44,58,61,99,99,110,99,78,62,60,65,884
NEUDROSSENFELD,3488,357,50.0166666666667,11.5,Bayern,64,49,57,43,66,70,85,65,63,58,62,67,749
NEUENHAGEN B_ BERLIN,6193,58,52.5166666666667,13.6833333333333,Brandenburg,50,42,47,35,58,59,63,58,50,38,47,55,602
NEUFAHRN,3504,464,48.3166666666667,11.6666666666667,Bayern,51,46,58,55,91,105,114,99,74,60,60,63,876
NEUHAUS A_ RENNW_(WEWA),3513,845,50.5,11.1333333333333,Thüringen,136,109,113,82,90,91,113,94,103,105,121,149,1306
NEUHAUS-SCHIERSCHNITZ,7421,383,50.3333333333333,11.2333333333333,Thüringen,84,68,72,55,69,76,90,71,72,69,80,97,903
NEUHAUSEN OB ECK-U_SCHW_,3519,663,47.95,9,Baden-Württemberg,57,53,62,62,98,99,103,88,69,71,63,76,901
NEUHUETTEN/SPESSART(AWST,7412,339.5,50.0166666666667,9.41666666666667,Bayern,96,88,93,66,84,80,88,73,79,89,91,110,1037
NEUKIRCHEN B_HL_BLUT,3525,460,49.2666666666667,12.9666666666667,Bayern,45,38,50,36,69,82,87,81,59,50,46,54,697
NEUKLOSTER,3531,35,53.8666666666667,11.6833333333333,Mecklenburg-Vorpommern,54,46,48,40,54,67,66,71,57,51,57,59,670
NEUMARKT/OPF_,3536,420,49.2833333333333,11.45,Bayern,66,58,67,48,73,80,94,76,66,62,69,78,837
NEUNBURG V_W_-EIXENDORF,6281,420,49.3666666666667,12.45,Bayern,64,51,61,48,75,86,92,78,66,62,59,73,815
NEUNK_-SEELSCH_-KRAWINK_,3540,195,50.85,7.36666666666667,Nordrhein-Westfalen,99,81,93,66,82,92,92,87,91,87,96,107,1073
NEUNKIRCHEN-WELLESWEILER,3545,236,49.35,7.23333333333333,Saarland,81,67,74,55,72,63,69,69,66,81,79,98,874
NEUSTADT-GLEWE,3563,35,53.3666666666667,11.6,Mecklenburg-Vorpommern,58,46,50,40,55,69,74,69,53,49,52,59,674
NEUSTRELITZ,3577,64,53.3666666666667,13.05,Mecklenburg-Vorpommern,52,42,50,34,57,69,61,56,49,43,49,52,614
NIDEGGEN-SCHMIDT,3591,350,50.6666666666667,6.41666666666667,Nordrhein-Westfalen,84,78,78,62,74,77,80,76,73,69,74,85,910
NIEDERAULA,3593,208,50.8,9.61666666666667,Hessen,52,42,52,44,66,59,68,55,55,53,54,54,654
NIEDERSTETTEN-ADOLZHSN_,7231,375,49.4,9.86666666666667,Baden-Württemberg,60,54,66,51,76,71,77,57,58,70,62,70,772
NIEMEGK,3611,70,52.0833333333333,12.6833333333333,Brandenburg,47,37,44,32,50,55,56,58,48,35,44,51,557
NOHFELDEN-GONNESWEILER,3625,402.5,49.55,7.06666666666667,Saarland,124,96,102,66,81,79,83,80,83,109,106,134,1143
NOSSEN,6314,308,51.05,13.3,Sachsen,55,48,60,48,65,67,92,87,58,48,62,63,753
NOTZINGEN,6275,325,48.6666666666667,9.46666666666667,Baden-Württemberg,53,50,62,63,98,95,95,85,68,69,64,66,868
NUERBURG-BARWEILER(WEWA),3660,485,50.3666666666667,6.86666666666667,Rheinland-Pfalz,68,58,64,55,70,66,66,68,67,64,63,71,780
NUERNBERG(TIERGARTEN),3665,325,49.45,11.1333333333333,Bayern,49,47,56,44,70,76,83,70,57,57,55,59,723
NUERTINGEN-REUDERN,7141,372,48.6333333333333,9.38333333333333,Baden-Württemberg,50,48,61,64,98,94,100,88,68,70,60,66,867
OBERBARNIM-GRUNOW,595,75,52.6,14.0333333333333,Brandenburg,48,42,45,35,59,64,63,61,47,39,48,52,603
OBERHACHING-LAUFZORN,7431,604,48.0166666666667,11.55,Bayern,62,58,80,79,116,134,151,131,93,69,77,78,1128
OBERHARMERSBACH,3690,372,48.3833333333333,8.15,Baden-Württemberg,117,106,124,107,141,123,133,112,107,123,122,148,1463
OBERKOTZAU,3698,504,50.2666666666667,11.9333333333333,Bayern,65,52,58,47,61,76,81,78,60,60,64,70,772
OBERNDORF/NECKAR-AISTAIG,3705,480,48.3166666666667,8.56666666666667,Baden-Württemberg,86,76,82,66,97,77,85,75,64,79,78,96,961
OBERSCHEINFELD-APPENFEL_,3721,369,49.7333333333333,10.4833333333333,Bayern,67,59,70,55,72,78,86,63,70,71,71,83,845
OBERSINN,3725,215,50.2166666666667,9.61666666666667,Bayern,77,63,68,52,65,63,76,64,61,68,68,82,807
OBERSOECHERING-R_,14300,671,47.75,11.25,Bayern,65,65,90,89,131,161,179,163,113,81,86,81,1304
OBERSTADTFELD,3602,421,50.1666666666667,6.76666666666667,Rheinland-Pfalz,96,76,83,60,70,71,67,71,75,80,84,99,932
OBERSTDORF-BIRGSAU,3731,941,47.3333333333333,10.2666666666667,Bayern,120,109,146,117,155,196,231,231,161,112,123,134,1835
OBERSTDORF-ROHRMOOS,4251,1067,47.4,10.1666666666667,Bayern,190,165,211,153,185,240,267,242,178,143,168,198,2340
OBERSTENFELD-PREVORST,3733,468,49.05,9.4,Baden-Württemberg,65,62,81,66,98,91,95,83,76,86,75,81,959
OBERZERF,6324,370,49.5833333333333,6.68333333333333,Rheinland-Pfalz,91,74,79,60,76,75,75,69,75,91,83,100,948
ODERNHEIM-HEDDARTERHOF,13925,313,49.7666666666667,7.73333333333333,Rheinland-Pfalz,57,52,54,48,65,60,69,60,59,64,58,65,711
OEDERAN,3759,383,50.8666666666667,13.1833333333333,Sachsen,67,62,73,56,74,77,102,98,72,57,75,75,888
OFFENBACH-WETTERPARK,7341,118.5,50.0833333333333,8.78333333333333,Hessen,55,49,53,46,65,61,69,60,57,61,55,62,693
OFFENBURG,3777,153,48.4666666666667,7.93333333333333,Baden-Württemberg,52,52,66,67,99,92,88,84,75,79,67,74,895
OLBERSLEBEN,7321,160,51.15,11.3333333333333,Thüringen,34,33,43,38,59,57,71,57,49,37,46,44,568
OLDENBURG (WST),3791,11,53.1833333333333,8.18333333333333,Niedersachsen,74,54,66,44,58,79,81,76,74,70,72,75,823
OLDISLEBEN,3794,129,51.3,11.1666666666667,Thüringen,35,31,40,35,55,53,63,52,45,32,44,45,530
OLPE,3796,305,51.0333333333333,7.85,Nordrhein-Westfalen,139,106,114,70,80,88,97,88,97,105,117,142,1243
OPPACH,3800,320,51.05,14.5,Sachsen,62,55,63,47,69,70,88,92,60,49,66,70,791
OSNABRUECK (AWST),3815,95.4,52.25,8.05,Niedersachsen,88,62,71,47,60,68,78,81,71,74,76,85,861
OSTBEVERN-SCHIRLHEIDE,13669,55,52.0166666666667,7.85,Nordrhein-Westfalen,73,55,63,45,61,71,71,73,70,65,70,75,792
OSTENFELD(RENDSBURG),6105,14,54.3166666666667,9.8,Schleswig-Holstein,75,56,64,42,57,76,84,82,76,85,75,75,847
OSTENHOLZ,5506,46,52.7666666666667,9.71666666666667,Niedersachsen,74,54,64,45,58,67,73,72,63,63,65,73,771
OSTERBURG/ALTMARK,3819,24,52.8,11.75,Sachsen-Anhalt,47,38,42,32,47,58,61,55,47,51,46,48,572
OSTERFELD (AWST),3821,246,51.0833333333333,11.9333333333333,Sachsen-Anhalt,36,37,46,45,60,61,83,66,54,37,51,48,624
OSTERHOFEN-THUNDORF,6161,310,48.75,13.0166666666667,Bayern,81,68,78,54,83,89,105,95,76,66,74,90,959
OSTHEIM V_D_ RHOEN,3836,312,50.45,10.2166666666667,Bayern,57,43,50,40,57,52,63,48,52,53,54,64,633
OSTRHAUDERFEHN-POTSHSN_,3838,1,53.2,7.58333333333333,Niedersachsen,73,55,64,43,60,77,83,86,80,75,72,73,841
OSTRITZ,2958,213,51.0333333333333,14.9333333333333,Sachsen,45,39,47,38,58,62,76,78,52,38,50,53,636
OTTENDORF,3840,240,50.8333333333333,11.8333333333333,Thüringen,41,39,49,47,65,68,85,72,56,41,58,55,676
OTTENSTEIN,3844,295,51.95,9.4,Niedersachsen,89,67,76,56,71,75,86,83,79,74,83,91,930
OTTRAU-IMMICHENHAIN,3850,340,50.8166666666667,9.35,Hessen,58,48,55,48,72,66,72,63,62,59,61,61,725
OVERATH-BOEKE,13671,221,50.9666666666667,7.28333333333333,Nordrhein-Westfalen,116,94,105,74,90,104,103,97,102,102,112,126,1225
OY-MITTELBERG-PETERSTHAL,3857,885,47.6333333333333,10.3833333333333,Bayern,95,86,114,100,142,184,199,177,132,98,106,107,1540
PABSTORF,6266,112,52.0333333333333,10.9666666666667,Sachsen-Anhalt,43,35,47,41,53,62,59,58,47,39,46,51,581
PADENSTEDT (PONY-PARK),7427,16.5,54.0166666666667,9.93333333333333,Schleswig-Holstein,78,58,68,43,58,80,88,81,75,80,79,80,868
PAEWESIN,3861,32,52.5166666666667,12.7166666666667,Brandenburg,44,37,41,31,53,55,53,56,45,37,43,46,541
PEGAU,13688,128,51.1666666666667,12.2666666666667,Sachsen,37,35,46,44,55,58,71,63,53,35,50,48,595
PEITING-HERZOGSAEGMUEHLE,3892,704,47.8166666666667,10.9333333333333,Bayern,59,57,75,76,118,131,147,142,96,72,73,76,1122
PELZERHAKEN (AWST),3897,1,54.0833333333333,10.8833333333333,Schleswig-Holstein,57,44,47,36,52,66,69,76,58,55,55,57,672
PEMFLING-PITZLING,851,389,49.25,12.6,Bayern,59,50,56,44,68,79,85,82,62,58,56,70,769
PERL-NENNIG,3904,152,49.5333333333333,6.38333333333333,Saarland,69,56,63,53,67,71,68,60,65,76,67,80,795
PETERSLAHR,13967,166,50.6166666666667,7.45,Rheinland-Pfalz,67,58,70,56,67,78,77,72,73,65,70,73,826
PFARRWEISACH-LOHR(PEGEL),814,270,50.15,10.7,Bayern,53,45,50,44,61,60,75,57,54,55,57,63,674
PFORZHEIM-ISPRINGEN,3925,333,48.9333333333333,8.7,Baden-Württemberg,64,64,74,61,89,78,86,75,65,78,72,83,889
PIDING,7424,458,47.7666666666667,12.9,Bayern,93,87,121,92,123,167,177,180,131,86,102,105,1464
PILSACH-LITZLOHE,6304,550,49.35,11.5,Bayern,83,73,80,57,83,90,103,87,77,76,81,96,986
PLAUEN (AWST),3946,386,50.4833333333333,12.1333333333333,Sachsen,36,33,42,42,57,69,81,70,53,41,47,45,616
PLEINFELD-MANDLESMUEHLE,3950,380,49.1166666666667,10.9666666666667,Bayern,51,46,55,44,73,72,84,64,57,55,56,58,715
PLEISKIRCHEN,6297,450,48.3,12.6,Bayern,55,51,65,51,88,100,109,99,71,58,59,67,873
PLOESSBERG-LIEBENSTEIN,6298,530,49.8166666666667,12.3333333333333,Bayern,67,55,64,48,75,80,91,80,68,62,67,76,833
POETTMES-SCHNELLM_,13786,435,48.55,11.1166666666667,Bayern,51,45,59,54,84,88,102,90,67,59,58,62,819
POHLITZ,3967,70,52.1833333333333,14.5666666666667,Brandenburg,46,41,45,38,55,56,67,65,45,34,45,54,591
POLCH,14320,235,50.3,7.31666666666667,Rheinland-Pfalz,49,42,50,47,62,61,62,55,57,50,50,54,639
POMMELSBRUNN-MITTELBURG,3975,522,49.4833333333333,11.5333333333333,Bayern,90,77,86,62,89,97,102,86,80,80,83,102,1034
PONITZ,7328,222,50.85,12.4166666666667,Thüringen,38,37,47,44,59,63,79,72,53,41,54,49,636
POPPENDORF,6165,40,54.1333333333333,12.2833333333333,Mecklenburg-Vorpommern,50,40,45,37,55,73,66,72,59,50,54,55,656
PRACKENBACH-NEUHAEUSEL,7350,588,49.1166666666667,12.8166666666667,Bayern,67,56,67,58,89,103,116,109,79,68,67,80,959
PRESSATH-MUEHLBERG,3999,595,49.7833333333333,12.0333333333333,Bayern,86,67,77,49,75,83,95,82,75,66,73,89,917
PREUSSISCH-OLDENDORF,4003,52,52.3166666666667,8.48333333333333,Nordrhein-Westfalen,70,50,59,44,54,67,66,72,62,63,63,70,740
PRIORT,4010,35,52.5166666666667,12.9833333333333,Brandenburg,42,36,40,29,52,56,52,56,45,35,42,45,530
PRITTITZ-PLOTHA,4011,165,51.15,11.9166666666667,Sachsen-Anhalt,32,32,43,40,57,54,77,58,48,31,45,43,560
PULSNITZ,4023,270,51.2,14.0166666666667,Sachsen,65,53,63,48,70,70,83,90,59,50,68,72,791
PUTBUS (AWST),4024,39.5,54.3666666666667,13.4833333333333,Mecklenburg-Vorpommern,52,37,45,35,50,69,66,69,61,55,56,54,649
QUEDLINBURG,4032,142,51.8,11.1333333333333,Sachsen-Anhalt,34,31,39,38,58,58,63,54,47,33,40,43,538
QUICKBORN (AWST),4039,13,53.7333333333333,9.88333333333333,Schleswig-Holstein,70,55,66,45,60,83,85,78,71,75,76,74,838
RABENAU-GEILSHAUSEN,4044,300,50.65,8.88333333333333,Hessen,67,52,64,49,75,72,77,63,67,67,65,75,793
RADEBURG (SPEICHER),4049,146,51.2166666666667,13.7333333333333,Sachsen,48,38,49,41,60,60,76,79,48,40,54,56,649
RADOLFZELL-MARKELFINGEN,4053,407,47.75,9,Baden-Württemberg,49,46,51,58,88,91,86,87,72,64,55,67,814
RAETZLINGEN,4055,76,52.4,11.1166666666667,Sachsen-Anhalt,47,38,45,36,48,57,59,55,46,41,45,51,568
RAGOESEN,4056,50,52.2333333333333,12.5833333333333,Brandenburg,42,37,46,32,50,60,59,63,49,37,46,53,574
RAMSAU-SCHWARZ_/SCHMUCK,6203,1088,47.6333333333333,12.9,Bayern,131,123,163,124,186,224,252,236,181,121,131,147,2019
RASCHAU,3175,507,50.5166666666667,12.8333333333333,Sachsen,66,62,70,60,76,89,100,107,70,56,75,75,906
RASSNITZ,4076,93,51.4,12.0833333333333,Sachsen-Anhalt,31,29,40,38,53,55,71,59,48,31,44,40,539
RATSCHER (TALSP_),4083,387,50.5,10.7833333333333,Thüringen,74,59,64,48,64,68,81,68,65,62,72,84,809
RECHTENBACH,4098,360,49.9833333333333,9.5,Bayern,101,90,92,63,80,75,80,67,76,88,90,117,1019
REHUNGEN,454,348,51.3833333333333,10.5166666666667,Thüringen,62,50,64,50,64,66,72,62,60,49,64,72,735
REICHELSHEIM-BEERFURTH,4118,187,49.7166666666667,8.86666666666667,Hessen,89,86,94,62,90,78,81,75,78,89,86,109,1017
REICHELSHEIM/ODW_,4121,209,49.7,8.85,Hessen,84,80,91,60,89,76,81,74,76,85,82,102,980
REICHENHALL_BAD,4125,470,47.7166666666667,12.8666666666667,Bayern,97,92,128,96,125,174,190,188,136,90,107,111,1534
REICHSHOF-ECKENHAGEN,4127,350,50.9833333333333,7.7,Nordrhein-Westfalen,141,107,119,77,86,95,107,95,107,108,124,141,1307
REMSCHEID,5719,235,51.2,7.2,Nordrhein-Westfalen,133,103,114,76,89,101,102,102,107,114,125,140,1306
REMSCHEID-LENNEP,4154,345,51.1833333333333,7.25,Nordrhein-Westfalen,158,123,132,85,98,109,112,114,122,132,147,166,1498
REMSECK/NECKAR-ALDINGEN,4155,216,48.8666666666667,9.25,Baden-Württemberg,44,41,51,50,86,79,76,72,55,59,52,57,722
RENTWEINSDORF-TREINFELD,7430,258,50.0666666666667,10.8166666666667,Bayern,58,48,55,47,63,66,78,58,60,56,61,66,716
RERIK_ OSTSEEBAD,4162,18,54.1,11.6166666666667,Mecklenburg-Vorpommern,45,38,41,33,50,66,62,67,55,48,50,52,607
RHAUNEN,4167,370,49.8666666666667,7.33333333333333,Rheinland-Pfalz,65,63,66,50,62,63,68,52,60,67,64,76,756
RHEINSTETTEN,4177,116.1,48.9666666666667,8.33333333333333,Baden-Württemberg,62,63,65,59,89,83,83,68,67,84,71,79,873
RHINOW,4178,24,52.75,12.3333333333333,Brandenburg,49,40,44,33,51,58,57,63,48,41,45,49,578
RIESA (WEST),4197,142,51.3,13.25,Sachsen,43,34,43,35,50,52,70,68,47,36,49,49,576
RINGLEBEN,4209,154,51.1,10.9666666666667,Thüringen,27,28,37,38,60,52,63,51,44,32,41,37,510
RINTELN-VOLKSEN,7425,212,52.1333333333333,9.11666666666667,Niedersachsen,85,63,75,55,68,75,83,86,74,71,80,88,903
RIPPOLDSAU_BAD,4211,493,48.4166666666667,8.33333333333333,Baden-Württemberg,166,149,159,111,140,124,130,114,106,141,149,195,1684
ROCKENDORF,13711,280,50.6833333333333,11.5166666666667,Thüringen,27,30,40,43,63,64,74,65,48,34,44,34,566
ROECKNITZ,4227,118,51.45,12.7833333333333,Sachsen,49,41,52,42,53,59,70,67,52,39,55,57,636
ROEDENTAL-SCHOENSTAEDT,6249,350,50.35,11.0333333333333,Bayern,77,61,65,51,70,69,85,67,67,65,75,87,839
ROEMHILD-SUELZDORF,6270,330,50.4166666666667,10.4833333333333,Thüringen,59,47,52,45,62,58,73,56,60,54,57,66,689
ROESRATH-FORSBACH,4239,162,50.9333333333333,7.16666666666667,Nordrhein-Westfalen,87,73,83,63,80,93,92,87,89,83,88,95,1013
ROSSBACH-LUNSTAEDT,4264,120,51.2666666666667,11.9,Sachsen-Anhalt,31,32,39,39,58,53,70,58,47,32,45,44,548
ROT AM SEE,7233,415,49.25,10.0166666666667,Baden-Württemberg,72,66,74,55,80,77,78,67,61,76,69,85,860
ROT AN DER ROT-BUCH,5724,690,47.9666666666667,10.0166666666667,Baden-Württemberg,64,61,80,79,113,128,136,120,97,80,80,87,1125
ROTENBURG-BRAACH,4277,190,51,9.7,Hessen,53,43,51,43,64,63,69,56,55,48,57,56,658
ROTHSEE BEI ALLERSBERG,6252,376,49.2166666666667,11.1833333333333,Bayern,53,49,59,48,76,77,96,77,63,59,61,64,782
ROTTWEIL,4300,588,48.1833333333333,8.63333333333333,Baden-Württemberg,60,55,62,61,102,81,85,82,61,67,60,73,849
RUDERTING,4303,395,48.65,13.4166666666667,Bayern,88,69,79,53,79,86,109,93,72,68,73,91,960
RUEBENAU,7333,727,50.5833333333333,13.3,Sachsen,69,64,74,60,79,92,113,108,75,60,78,81,953
RUHPOLDING (KLAERANLAGE),6299,650,47.7666666666667,12.65,Bayern,108,105,146,106,133,182,193,195,143,102,123,129,1665
RUNKEL-ENNERICH,6344,168,50.4,8.15,Hessen,54,49,56,47,62,64,70,56,61,56,56,63,694
SAALFELD,4332,235,50.65,11.3833333333333,Thüringen,31,32,41,42,61,59,70,65,47,35,46,39,568
SAARBRUECKEN-BURBACH,6217,190,49.2333333333333,6.93333333333333,Saarland,71,59,66,53,69,62,71,64,64,79,71,90,819
SAAROW-PIESKOW_BAD,4346,45,52.2833333333333,14.0666666666667,Brandenburg,46,41,46,35,60,58,65,59,46,36,45,54,591
SACHSENHEIM,4349,248,48.95,9.06666666666667,Baden-Württemberg,45,46,54,46,77,78,73,67,56,62,54,57,715
SAECKINGEN_BAD (BG_STR_),4351,295,47.5666666666667,7.98333333333333,Baden-Württemberg,81,76,87,86,113,105,102,99,89,96,87,104,1125
SALGEN,4356,558,48.1333333333333,10.4833333333333,Bayern,45,47,59,64,100,114,122,107,84,64,61,63,930
SALZGITTER-OHLENDORF,4363,110,52.0666666666667,10.4333333333333,Niedersachsen,51,38,53,41,58,62,66,69,56,48,51,56,649
SALZHEMMENDORF-L_,4367,175,52.0833333333333,9.55,Niedersachsen,83,63,75,55,68,72,83,79,75,69,78,88,888
SANKT ANDREASBERG-ODERH_,4384,428,51.7,10.5666666666667,Niedersachsen,142,96,120,70,80,92,97,92,96,99,121,139,1244
SASSENBURG-PLATENDORF,4399,58,52.5666666666667,10.6333333333333,Niedersachsen,62,47,55,40,53,63,74,67,56,51,54,63,685
SAUERLACH-ALTKIRCHEN,4407,652,47.9666666666667,11.6,Bayern,67,66,88,85,124,144,164,145,102,75,83,85,1228
SAULGAU_BAD,7487,576,48.0333333333333,9.48333333333333,Baden-Württemberg,47,45,55,63,97,102,106,91,74,62,60,66,868
SAYDA,4410,670,50.7166666666667,13.4333333333333,Sachsen,79,71,85,63,85,89,120,114,75,61,83,87,1012
SCHALLSTADT-MENGEN,4419,212,47.95,7.71666666666667,Baden-Württemberg,39,41,51,57,97,81,87,80,77,69,54,59,792
SCHARNHORST-MARWEDE,7361,72,52.7333333333333,10.35,Niedersachsen,73,55,62,44,55,66,74,69,61,58,61,72,750
SCHAUENBURG-ELGERSHAUSEN,15207,317,51.2833333333333,9.36666666666667,Hessen,60,50,58,48,71,75,73,61,65,55,65,66,747
SCHESSLITZ-KOETTENSDORF,6195,304,49.95,11.0166666666667,Bayern,59,48,58,48,67,70,86,60,65,58,61,65,745
SCHIELO,4444,372,51.6166666666667,11.2166666666667,Sachsen-Anhalt,51,44,51,44,61,57,61,56,52,40,53,57,627
SCHLEHDORF,6342,609,47.65,11.3166666666667,Bayern,66,70,100,97,142,179,190,182,124,88,93,84,1415
SCHLEIZ (AWST),4464,501,50.5666666666667,11.8,Thüringen,46,43,53,50,66,73,88,74,59,47,61,59,719
SCHLUCHSEE,4477,993,47.8166666666667,8.18333333333333,Baden-Württemberg,164,138,137,95,130,118,110,106,97,134,130,181,1540
SCHMARSOW,15003,20,53.8833333333333,13.2166666666667,Mecklenburg-Vorpommern,46,35,41,33,53,65,60,60,50,41,47,47,578
SCHMIEDEFELD_ KRS_SAALF_,4498,655,50.5333333333333,11.2333333333333,Thüringen,83,69,75,61,75,72,91,77,72,73,82,91,921
SCHNEEFERNERHAUS,7325,2650,47.4166666666667,10.9833333333333,Bayern,167,156,220,170,151,173,175,171,135,108,171,181,1978
SCHOENEWERDA,4540,119,51.3166666666667,11.3666666666667,Thüringen,33,31,40,36,60,56,62,53,46,33,42,46,538
SCHOENHAGEN/OSTSEE (WST),5930,2,54.6333333333333,10.0166666666667,Schleswig-Holstein,67,47,55,37,53,62,74,72,67,76,67,63,740
SCHOENTAL-WEIGENTAL,13933,347,49.3666666666667,9.45,Baden-Württemberg,80,70,80,59,79,77,82,68,68,83,73,94,913
SCHOENTEICHEN-CUNNERSDF_,3094,166,51.3166666666667,14.05,Sachsen,53,44,53,42,61,61,78,80,51,43,57,59,682
SCHONUNGEN-MAINBERG,6347,304,50.05,10.3,Bayern,57,47,52,46,63,67,78,56,59,59,61,67,712
SCHOPFHEIM (NST),4558,376,47.65,7.83333333333333,Baden-Württemberg,95,85,92,93,117,107,100,98,94,106,98,123,1208
SCHORFHEIDE-GR_SCHOEN_,1810,56,52.9166666666667,13.5333333333333,Brandenburg,50,39,47,35,55,67,60,57,50,41,48,53,602
SCHORNDORF-KNOEBLING,4559,399,49.1666666666667,12.6166666666667,Bayern,56,46,53,45,70,80,86,90,62,56,55,66,765
SCHW_HALL-WIELANDSWEILER,7237,380,49.05,9.61666666666667,Baden-Württemberg,81,73,88,65,94,87,89,77,69,86,79,82,970
SCHWABMUENCHEN,4579,538,48.2,10.7333333333333,Bayern,51,49,64,64,103,112,112,106,84,66,65,70,946
SCHWAEB_ GMUEND-WEILER,6262,413,48.7666666666667,9.86666666666667,Baden-Württemberg,73,66,79,63,95,92,98,87,71,77,76,83,960
SCHWAEB_HALL-BIBERSFELD,4582,349,49.0833333333333,9.68333333333333,Baden-Württemberg,74,66,81,60,90,84,85,75,63,80,71,85,914
SCHWAIGERN-STETTEN A_H_,4585,197,49.1333333333333,9,Baden-Württemberg,57,57,67,55,79,72,80,64,60,73,67,74,805
SCHWARTAU_BAD-GR_ PARIN,4602,26,53.9333333333333,10.7,Schleswig-Holstein,60,41,49,38,50,67,70,77,56,57,57,57,679
SCHWARZENBACH-DOEBRABERG,4610,787,50.2833333333333,11.65,Bayern,104,81,86,62,77,88,107,91,85,83,90,114,1068
SCHWEDT/ODER,4619,6,53.0666666666667,14.3166666666667,Brandenburg,33,29,32,31,50,56,61,53,43,32,37,38,495
SCHWENNINGEN_KR_SIGMARI_,4623,835,48.1,9,Baden-Württemberg,65,59,68,64,103,99,105,88,68,74,64,80,937
SECKACH,7429,334,49.4333333333333,9.33333333333333,Baden-Württemberg,86,74,84,57,78,73,84,66,66,85,74,99,926
SEEBACH (TALSP_),4635,212,51.15,10.4666666666667,Thüringen,45,39,48,38,58,55,62,53,51,40,51,54,594
SEEBAD HERINGSDORF,2150,10,53.95,14.1666666666667,Mecklenburg-Vorpommern,49,38,44,34,54,62,61,60,56,45,52,49,604
SEESBACH,14321,394,49.85,7.55,Rheinland-Pfalz,60,54,55,48,61,63,68,63,58,63,60,67,720
SEEWALD-BESENFELD,4655,804,48.6,8.43333333333333,Baden-Württemberg,162,147,151,94,121,114,125,114,109,139,142,189,1607
SELTERS/TS_-ND_SELTERS,4671,159,50.3333333333333,8.21666666666667,Hessen,54,50,57,46,66,67,73,60,61,59,57,60,710
SIEGSDORF-HOELL,7105,721,47.8333333333333,12.65,Bayern,101,100,140,105,143,184,192,188,136,104,115,125,1633
SIETOW,4699,65,53.4333333333333,12.5833333333333,Mecklenburg-Vorpommern,44,37,45,32,53,64,55,58,47,40,42,47,564
SIMMELSDORF-GROSSENGSEE,4707,494,49.6333333333333,11.35,Bayern,97,79,85,61,78,93,96,74,82,80,85,106,1016
SIMMERSHOFEN-ADELHOFEN,6201,337,49.5333333333333,10.15,Bayern,49,47,54,46,67,70,72,58,56,59,53,59,690
SINDELFINGEN,4713,425,48.7,8.98333333333333,Baden-Württemberg,49,46,53,54,86,78,84,75,58,65,54,60,762
SINGEN,6263,445,47.7666666666667,8.81666666666667,Baden-Württemberg,53,50,54,59,88,91,91,81,65,65,55,68,820
SINGHOFEN,4715,313,50.2833333333333,7.83333333333333,Rheinland-Pfalz,60,55,63,54,65,70,73,64,66,60,62,68,760
SINGHOFEN (KLAERANLAGE),13779,220,50.2666666666667,7.81666666666667,Rheinland-Pfalz,51,47,56,49,62,66,67,60,60,54,55,59,686
SINZIG,6327,60,50.55,7.25,Rheinland-Pfalz,46,42,53,48,65,71,71,66,65,51,55,51,684
SOEGEL,4731,33,52.8333333333333,7.51666666666667,Niedersachsen,79,57,74,46,61,83,85,70,76,75,74,75,855
SOHLAND/SPREE,6129,290,51.0666666666667,14.4333333333333,Sachsen,63,54,63,47,68,69,86,92,58,50,67,73,790
SOMMERSCHENBURG,4747,200,52.1666666666667,11.1166666666667,Sachsen-Anhalt,49,41,51,41,55,63,61,60,53,44,53,57,628
SONNEBERG-NEUFANG (AWST),4752,626,50.3666666666667,11.1833333333333,Thüringen,113,88,92,67,81,86,105,84,91,88,103,127,1125
SONTHEIM,4759,624,48,10.35,Bayern,57,59,69,74,103,126,131,117,89,74,71,73,1043
SONTRA,4763,265,51.0666666666667,9.93333333333333,Hessen,62,49,60,46,68,67,74,72,62,56,63,68,747
SOODEN_BAD-ALLENDORF,4765,199,51.2833333333333,9.98333333333333,Hessen,66,53,64,51,69,68,77,65,66,57,66,71,773
SPEICHER,6328,325,49.9333333333333,6.63333333333333,Rheinland-Pfalz,77,61,66,55,67,69,67,63,70,74,71,84,824
SPIEGELAU-ALTHUETTE,4777,808,48.9333333333333,13.3166666666667,Bayern,121,101,116,65,97,111,131,117,93,84,98,131,1265
SPITTWITZ,4781,215,51.1666666666667,14.2833333333333,Sachsen,61,49,60,46,68,67,80,84,53,46,59,65,738
ST_ EGIDIEN-KUHSCHN_,7418,321,50.8,12.6333333333333,Sachsen,49,47,57,51,67,74,93,88,63,48,63,60,760
STAAKEN,4637,31,52.5333333333333,13.1166666666667,Brandenburg,50,43,46,32,58,64,65,64,47,38,48,53,608
STADELHOFEN,4801,460,50,11.2,Bayern,81,67,75,54,72,76,97,66,79,72,80,88,907
STADTRODA,4812,245,50.85,11.7166666666667,Thüringen,35,36,46,46,65,63,78,69,53,38,54,48,631
STEBEN_BAD,6338,608,50.3666666666667,11.6166666666667,Bayern,99,77,80,61,73,85,99,86,78,79,89,107,1013
STEINFELD-SCHOENFELD,4848,46,52.6166666666667,11.7333333333333,Sachsen-Anhalt,46,36,40,32,48,58,62,58,47,38,44,47,556
STEINGADEN-L_,4850,782,47.7166666666667,10.8833333333333,Bayern,70,69,94,92,138,170,186,173,123,84,88,87,1374
STEINHAGEN-NEGAST,6199,16,54.25,13.05,Mecklenburg-Vorpommern,53,42,46,36,53,70,63,71,59,51,56,54,654
STENDAL,5960,34,52.6166666666667,11.9,Sachsen-Anhalt,39,31,37,28,46,54,51,50,42,36,39,40,493
STOCKACH,4881,532,47.8666666666667,9.01666666666667,Baden-Württemberg,51,48,55,61,93,95,100,86,67,65,58,69,848
STOLLBERG/ERZG_ (TALSP_),4892,430,50.7166666666667,12.8,Sachsen,59,56,69,60,75,84,102,102,71,57,73,69,877
STOLPEN,4895,260,51.0333333333333,14.0833333333333,Sachsen,59,47,55,40,62,68,76,92,56,47,63,66,731
STORKOW,4898,39,52.25,13.9333333333333,Brandenburg,43,38,42,35,56,58,66,60,45,34,43,49,569
STRANDE,4903,2,54.45,10.2,Schleswig-Holstein,66,44,53,38,55,68,76,71,66,72,68,60,737
STRAUBENHARDT-SCHWANN,4909,421,48.85,8.55,Baden-Württemberg,100,92,107,83,113,97,103,89,84,107,100,120,1195
STRAUBING (AWST),4911,350,48.8333333333333,12.5666666666667,Bayern,53,46,57,43,72,83,88,78,64,54,57,62,757
STRAUBING-ITTLING,4910,318,48.8833333333333,12.6333333333333,Bayern,55,49,55,42,69,78,86,81,65,55,57,67,759
STRAUCH,7335,128,51.3666666666667,13.5833333333333,Sachsen,45,37,48,41,60,54,73,73,49,41,52,52,625
STRAUSBERG,4912,81,52.5833333333333,13.9333333333333,Brandenburg,52,40,45,35,60,62,64,59,47,38,48,53,603
STROHN,6330,390,50.1166666666667,6.91666666666667,Rheinland-Pfalz,86,69,75,58,69,67,66,65,72,76,76,90,869
STROMBERG,4918,297,49.95,7.78333333333333,Rheinland-Pfalz,51,46,48,42,60,56,60,52,52,55,55,60,637
SULZBACH/TAUNUS,4957,124,50.1333333333333,8.53333333333333,Hessen,62,55,57,43,59,65,69,55,63,68,62,71,729
TALHEIM,4970,756,48.0166666666667,8.66666666666667,Baden-Württemberg,60,57,68,66,107,97,96,87,66,73,63,75,915
TAUER,4989,64,51.9,14.45,Brandenburg,46,41,49,39,61,59,70,70,47,38,51,54,625
TEGKWITZ,4997,193,50.9833333333333,12.35,Thüringen,36,36,45,42,59,62,75,71,52,38,51,46,613
TEISENDORF-BABING,13694,590,47.8333333333333,12.8166666666667,Bayern,97,94,128,93,128,164,169,172,125,90,106,111,1477
TEISENDORF-NEUK_(WILDBG),13695,780,47.8166666666667,12.7666666666667,Bayern,115,111,153,108,144,185,188,191,140,106,123,134,1698
TEMPLIN,5006,67,53.1333333333333,13.5,Brandenburg,47,40,43,33,54,59,62,55,51,42,47,49,582
TETEROW (AWST),5009,38,53.7666666666667,12.55,Mecklenburg-Vorpommern,47,37,43,33,55,66,56,60,50,41,46,50,584
TETTAU-SATTELGRUND,5011,566,50.45,11.2666666666667,Bayern,99,78,84,60,74,78,91,76,78,81,90,109,998
THARANDT-GRILLENBURG,1775,384,50.95,13.5,Sachsen,68,63,75,58,78,75,99,110,63,56,75,78,898
THUENGERSHEIM,5032,195,49.8833333333333,9.85,Bayern,53,46,52,43,63,62,67,55,52,56,53,63,665
TIRSCHENREUTH-LODERM_,5046,500,49.85,12.35,Bayern,60,47,58,43,69,73,84,74,61,57,59,67,752
TITISEE-N_-LANGENORDNACH,5047,870,47.9333333333333,8.2,Baden-Württemberg,122,107,114,90,123,109,116,104,93,113,113,142,1346
TITISEE-N_-TITIS_(AKKST),5049,846,47.9,8.15,Baden-Württemberg,133,115,120,93,127,109,114,102,93,121,117,152,1396
TODTNAU-TODTNAUBERG,7134,1047,47.85,7.95,Baden-Württemberg,171,149,163,128,166,144,150,143,138,168,170,206,1896
TRAUSNITZ-REISACH,6216,465,49.5333333333333,12.2833333333333,Bayern,62,50,58,45,69,80,85,71,64,57,59,69,769
TREBEL,5080,24,53,11.3166666666667,Niedersachsen,53,40,46,35,50,61,66,61,48,50,50,51,611
TREUEN,7329,465,50.55,12.2833333333333,Sachsen,51,49,59,52,69,78,94,83,66,53,64,62,780
TRIEBISCHTAL-MUNZIG,5098,200,51.0833333333333,13.4166666666667,Sachsen,53,43,55,46,65,65,84,84,52,44,59,60,710
TRIER-IRSCH,7433,228,49.7333333333333,6.7,Rheinland-Pfalz,66,54,61,51,63,68,71,62,63,71,61,70,761
TRIER-ZEWEN,5099,131.5,49.7333333333333,6.61666666666667,Rheinland-Pfalz,61,49,57,49,63,64,67,59,59,68,58,66,720
TRIPPSTADT-NEUHOF,5103,348,49.35,7.8,Rheinland-Pfalz,84,72,78,61,80,71,70,67,65,86,81,97,912
TROCHTELFINGEN-WILSINGEN,5107,769,48.2833333333333,9.31666666666667,Baden-Württemberg,60,55,64,64,101,102,100,88,67,72,65,76,914
TRUCHTLACHING,5112,518,47.9666666666667,12.5,Bayern,73,71,96,79,115,145,146,138,101,76,81,90,1211
UDER,5136,232,51.3666666666667,10.0666666666667,Thüringen,56,47,59,46,66,70,70,63,65,50,59,65,716
UELSEN,5144,40,52.5,6.88333333333333,Niedersachsen,87,62,76,50,65,78,89,75,78,82,83,87,912
UELZEN,5146,50,52.9333333333333,10.5333333333333,Niedersachsen,60,48,53,41,52,64,72,65,54,54,58,58,679
ULM-MAEHRINGEN,15444,592.6,48.45,9.91666666666667,Baden-Württemberg,57,51,61,59,93,90,97,88,68,63,61,70,858
UMMENDORF (AWST),5158,162,52.1666666666667,11.1833333333333,Sachsen-Anhalt,41,35,43,39,73,63,55,53,42,34,39,46,563
VAIHINGEN/ ENZ,7238,200,48.9166666666667,8.95,Baden-Württemberg,44,45,53,47,79,72,72,66,53,61,54,58,704
VATTERODE-GRAEFENSTUHL,3160,240,51.6166666666667,11.4166666666667,Sachsen-Anhalt,41,37,45,41,57,58,63,53,52,34,48,51,580
VEILSDORF,7428,397,50.4166666666667,10.8166666666667,Thüringen,74,61,65,52,64,68,81,66,69,63,74,85,822
VELBURG-ALBERTSHOFEN,5205,493,49.3,11.6833333333333,Bayern,74,65,69,47,73,80,92,82,67,69,71,85,874
VELTEN,5207,36,52.7,13.1666666666667,Brandenburg,50,42,47,34,59,61,58,60,50,43,48,55,607
VIERRADEN,5221,4,53.1,14.3166666666667,Brandenburg,37,32,36,33,54,60,64,53,44,31,38,40,522
VILBEL_BAD-DORTELWEIL,5225,125,50.2166666666667,8.75,Hessen,55,47,50,43,63,61,68,53,57,61,57,63,678
VIOEL,5233,21,54.5666666666667,9.18333333333333,Schleswig-Holstein,73,53,61,41,54,78,84,83,87,98,83,78,873
VOEHRENBACH-URACH,7363,935,48,8.23333333333333,Baden-Württemberg,143,125,133,100,135,119,127,113,106,131,128,164,1524
VOGTSBURG-BISCHOFFINGEN,7136,232,48.1,7.63333333333333,Baden-Württemberg,35,36,48,55,92,75,89,75,67,65,51,55,743
VOHENSTRAUSS,5251,548,49.6333333333333,12.3333333333333,Bayern,69,56,65,47,73,84,91,78,66,63,65,77,834
VOLKACH-GAIBACH,5254,257,49.8833333333333,10.2333333333333,Bayern,45,38,46,40,59,62,66,50,50,49,50,53,608
VOLLERSODE-GIEHLERMOOR,5257,5,53.3333333333333,8.95,Niedersachsen,72,52,63,43,55,77,89,75,71,69,73,73,812
WAAKIRCHEN-DEMMELBERG,5262,815,47.75,11.7,Bayern,97,103,133,116,154,190,204,196,137,104,117,120,1671
WADDEWEITZ,5269,52,53,10.9666666666667,Niedersachsen,59,45,54,40,54,64,70,67,55,50,56,58,672
WAIBSTADT (AWST),13674,236.6,49.3,8.9,Baden-Württemberg,70,66,77,56,83,75,84,64,68,80,74,87,884
WAIGOLSHAUSEN,5487,233,49.9666666666667,10.1166666666667,Bayern,50,42,49,42,60,61,68,52,52,54,53,60,643
WALDFEUCHT-HAAREN,5305,41,51.0833333333333,6.01666666666667,Nordrhein-Westfalen,58,51,54,42,64,76,66,68,65,60,62,65,731
WALDMUENCHEN (AWST),7370,498.8,49.3833333333333,12.6833333333333,Bayern,73,58,64,48,72,85,90,86,66,64,65,81,852
WALLMENROTH,7499,172,50.7833333333333,7.83333333333333,Rheinland-Pfalz,92,75,87,57,72,81,79,76,82,78,86,99,964
WALTERSHAUSEN,5335,348,50.9,10.55,Thüringen,65,57,69,57,74,70,76,67,67,58,70,75,805
WALTROP-ABDINGHOF,13696,68,51.6,7.4,Nordrhein-Westfalen,78,61,69,48,67,75,77,77,74,70,72,80,848
WANGEN/ALLG_-U_SCHWADER_,7382,666,47.7166666666667,9.86666666666667,Baden-Württemberg,97,93,114,104,140,164,164,152,128,104,116,127,1503
WANGERLAND-HOOKSIEL,6157,8,53.6333333333333,8.08333333333333,Niedersachsen,75,53,65,44,58,80,86,80,84,82,84,76,867
WANGERLAND-OLDORF_SIETW_,5343,2,53.6333333333333,7.95,Niedersachsen,67,51,61,42,53,78,85,76,85,81,78,73,830
WARBURG (AWST),5347,235.8,51.5,9.11666666666667,Nordrhein-Westfalen,60,49,58,44,62,68,73,63,65,56,66,68,732
WAREN (MUERITZ),5349,72.6,53.5166666666667,12.6666666666667,Mecklenburg-Vorpommern,49,38,48,35,51,68,53,56,51,42,48,52,591
WARTENBURG,5362,70,51.8166666666667,12.7833333333333,Sachsen-Anhalt,42,34,42,34,51,55,67,58,45,33,44,50,555
WARTHAUSEN-BIRKENHARD,474,599,48.1333333333333,9.76666666666667,Baden-Württemberg,45,46,56,65,100,106,109,99,78,65,60,64,893
WEDDELBROOK,13687,18,53.9,9.83333333333333,Schleswig-Holstein,78,61,70,44,60,82,87,83,76,80,80,82,883
WEDDINGSTEDT,2078,10,54.2166666666667,9.08333333333333,Schleswig-Holstein,73,56,63,43,57,82,90,93,91,100,85,78,911
WEDEL (WASSERWERK),5381,13,53.6,9.66666666666667,Schleswig-Holstein,70,52,65,42,61,73,83,78,68,68,71,71,802
WEENER-DIELE,5385,1,53.1166666666667,7.31666666666667,Niedersachsen,69,52,65,43,60,80,83,78,78,75,74,72,829
WEIBERN/EIFEL,13709,407.5,50.4,7.15,Rheinland-Pfalz,71,61,73,62,70,69,74,66,67,61,65,75,814
WEIDENB_-WEIHERSCHNEIDB_,6158,455,49.2166666666667,10.6166666666667,Bayern,53,50,57,46,76,77,81,69,57,63,58,64,751
WEIDENSTETTEN,13672,593,48.55,9.98333333333333,Baden-Württemberg,60,53,65,57,89,87,95,85,65,64,63,72,855
WEIDING_KR_CHAM-DALKING,5401,425,49.2666666666667,12.75,Bayern,67,55,61,44,69,82,90,83,64,61,62,77,815
WEIHERHAMMER,5406,395,49.6333333333333,12.05,Bayern,52,45,52,39,65,75,83,71,56,55,56,62,711
WEILER-SIMMERBG_(KLAER_),6294,600,47.5666666666667,9.9,Bayern,121,109,138,117,153,180,177,177,141,121,140,144,1718
WEILMUENSTER,5416,183,50.4333333333333,8.38333333333333,Hessen,61,55,61,49,69,66,75,63,64,61,62,71,757
WEILROD-NIEDERLAUKEN,5417,316,50.35,8.43333333333333,Hessen,63,59,64,51,71,73,75,64,66,67,64,73,790
WEIMAR (AWST),5419,264,50.9666666666667,11.3,Thüringen,32,32,44,44,62,59,72,62,48,38,49,42,584
WEINSTADT-BEUTELSBACH,5430,245,48.8166666666667,9.38333333333333,Baden-Württemberg,49,48,58,56,94,85,85,79,61,64,57,59,795
WEISWEIL-WALDECKHOF,5453,173,48.1833333333333,7.7,Baden-Württemberg,38,38,48,55,95,77,91,73,69,65,53,57,759
WEITRAMSDORF-T_,14137,294,50.2333333333333,10.8666666666667,Bayern,57,51,52,45,63,65,76,61,61,55,59,66,711
WENDISCH EVERN,6093,62,53.2166666666667,10.4666666666667,Niedersachsen,66,49,59,42,58,67,73,70,58,55,59,62,718
WENNIGSEN-BREDENBECK,5471,85,52.25,9.61666666666667,Niedersachsen,65,50,62,44,60,60,65,68,57,56,60,65,712
WERL (AWST),5480,84.8,51.5833333333333,7.88333333333333,Nordrhein-Westfalen,68,56,67,50,69,74,78,75,70,66,71,71,815
WERNIGERODE (AWST),5490,234,51.85,10.7666666666667,Sachsen-Anhalt,50,44,54,45,56,61,61,60,51,42,52,54,630
WESSOBRUNN-PUITL,7103,755,47.85,11.0166666666667,Bayern,56,56,73,77,117,140,151,142,98,74,74,72,1130
WESTENDORF,3710,679,47.9333333333333,10.7166666666667,Bayern,59,62,77,76,115,133,140,133,93,69,75,77,1109
WESTERHAUSEN,5510,152,51.8,11.05,Sachsen-Anhalt,37,31,40,38,56,58,58,56,46,33,40,43,536
WESTERNGRUND-OBERWESTERN,5517,242,50.1166666666667,9.23333333333333,Bayern,75,67,74,61,78,74,85,70,71,78,78,86,897
WETTERZEUBE,5527,208,51.0166666666667,12,Sachsen-Anhalt,35,35,43,40,57,61,76,62,49,36,50,44,588
WEYHAUSEN,5530,55,52.4666666666667,10.7166666666667,Niedersachsen,55,42,51,40,51,59,66,65,53,46,50,57,635
WIELENBACH (DEMOLLSTR_),5538,550,47.8833333333333,11.15,Bayern,50,48,65,71,109,132,138,131,93,66,68,64,1035
WIESBADEN-AURINGEN,5541,263,50.1333333333333,8.31666666666667,Hessen,65,57,58,45,73,62,73,51,63,68,63,71,749
WIESENBURG (WEWA),5546,187,52.1166666666667,12.4666666666667,Brandenburg,51,42,51,37,58,55,65,71,51,41,50,60,632
WIESENSTEIG,7242,565,48.5666666666667,9.63333333333333,Baden-Württemberg,74,69,86,82,112,110,116,102,86,82,82,89,1090
WILDBAD_BAD-CALMBACH,5559,385,48.7833333333333,8.58333333333333,Baden-Württemberg,93,86,100,74,104,89,96,83,73,93,93,108,1092
WILDBERG_ KREIS CALW,13969,462,48.6166666666667,8.73333333333333,Baden-Württemberg,70,65,70,60,86,78,88,81,63,75,67,82,885
WILDENFELS-HAERTENSDORF,1917,355,50.6666666666667,12.6166666666667,Sachsen,50,49,59,53,72,83,94,97,66,50,64,58,795
WILHELMSDORF/MFR_,5573,358,49.5666666666667,10.7333333333333,Bayern,59,52,62,50,66,73,83,64,58,64,62,69,762
WILLINGEN/HOCHSAUERLAND,6303,587.5,51.2833333333333,8.58333333333333,Hessen,131,103,113,82,89,92,99,93,107,97,119,130,1255
WILLINGEN/UPLAND,5582,580,51.3,8.6,Hessen,129,101,109,78,87,90,97,91,104,94,116,128,1224
WILSDRUFF-MOHORN,13654,288,51,13.4666666666667,Sachsen,52,47,59,47,66,66,90,88,55,46,61,62,739
WILSNACK_BAD,5588,25,52.95,11.95,Brandenburg,54,42,49,37,48,62,64,65,54,46,49,51,621
WINDEN,7243,303,48.1333333333333,8.01666666666667,Baden-Württemberg,84,80,95,88,130,111,119,107,93,105,101,114,1227
WINKELSETT-RECKUM,5603,37,52.8666666666667,8.5,Niedersachsen,67,49,60,43,57,71,77,71,66,66,66,66,759
WITTEN-GEDERN,5626,117,51.4166666666667,7.36666666666667,Nordrhein-Westfalen,89,71,78,57,71,80,83,80,77,80,81,88,935
WITTINGEN-VORHOP,7432,71.5,52.65,10.6666666666667,Niedersachsen,61,45,54,39,53,62,71,64,56,52,53,62,672
WITTLICH,5635,147,49.9666666666667,6.93333333333333,Rheinland-Pfalz,60,49,56,50,61,61,61,53,62,63,56,68,700
WOHRATAL,5662,222,50.9333333333333,8.95,Hessen,61,45,50,41,65,61,69,58,59,57,57,64,687
WOLFEN,5667,83,51.6833333333333,12.2833333333333,Sachsen-Anhalt,40,32,44,37,54,52,61,55,50,34,47,49,555
WOLFRATSHAUSEN,5674,570,47.9333333333333,11.4333333333333,Bayern,61,62,80,80,120,145,156,138,102,75,78,77,1174
WOLFSCHLUGEN,5678,380,48.65,9.3,Baden-Württemberg,45,43,54,57,92,85,94,78,60,66,54,59,787
WOLFSEGG,5679,405,49.1,11.9666666666667,Bayern,57,50,56,45,68,82,90,74,58,54,58,64,756
WOLMIRSLEBEN,5685,70,51.95,11.4833333333333,Sachsen-Anhalt,36,28,39,31,53,54,56,55,44,33,41,43,513
WOLNZACH,5687,425,48.6,11.6333333333333,Bayern,49,44,57,50,79,89,95,86,69,57,59,60,794
WROHM,4009,6,54.2166666666667,9.41666666666667,Schleswig-Holstein,73,55,62,42,56,80,88,84,83,91,80,78,872
WUNSIEDEL,5714,520,50.0333333333333,12.0333333333333,Bayern,72,57,72,45,65,75,95,78,63,66,69,80,837
WUNSIEDEL-SCHOENB_(AWST),7394,622.3,50.0333333333333,11.9666666666667,Bayern,83,68,72,51,71,83,95,86,72,72,79,92,924
WURZEN,5725,127,51.3666666666667,12.75,Sachsen,44,38,48,42,53,58,72,66,53,38,52,52,616
WUST-SYDOW,5726,32,52.5333333333333,12.15,Sachsen-Anhalt,41,33,39,30,53,57,60,59,50,36,42,46,546
WUSTERWITZ,6265,36,52.3666666666667,12.3833333333333,Brandenburg,41,35,42,30,52,55,57,60,48,36,43,48,547
ZAPPENDORF-MUELLERDORF,5739,70,51.5,11.8,Sachsen-Anhalt,32,28,40,34,55,52,69,50,48,29,42,42,521
ZEESEN,5983,45,52.2666666666667,13.6166666666667,Brandenburg,43,36,42,32,54,55,63,56,43,34,43,48,549
ZELL AM HARMERSB_,6113,304,48.3666666666667,8.08333333333333,Baden-Württemberg,90,83,98,92,128,106,120,100,95,106,99,120,1237
ZERBST,5761,69,51.9666666666667,12.1,Sachsen-Anhalt,42,32,42,33,54,56,59,57,50,36,45,59,565
ZERNIEN,5762,83,53.0666666666667,10.8833333333333,Niedersachsen,67,52,57,44,56,67,76,70,57,55,60,65,726
ZEUCHFELD,5763,140,51.2333333333333,11.8333333333333,Sachsen-Anhalt,32,32,42,39,59,52,70,56,46,33,44,43,548
ZEUTSCH,6268,178,50.75,11.5,Thüringen,27,29,40,41,62,61,73,62,47,33,44,36,555
ZITTAU,5781,235,50.8833333333333,14.8166666666667,Sachsen,40,38,46,38,60,64,75,82,51,40,51,51,636
ZORNEDING,5786,556,48.1,11.8333333333333,Bayern,60,55,77,73,112,129,143,131,90,72,76,76,1094
ZSCHORNEWITZ,5788,86,51.7333333333333,12.4166666666667,Sachsen-Anhalt,44,36,47,38,55,52,64,57,49,36,51,52,581
ZWEIBRUECKEN (KLAERANL_),13778,225,49.25,7.33333333333333,Rheinland-Pfalz,71,61,69,51,70,65,64,62,63,77,72,87,812
ZWIESEL (AWST),5800,615,49.0333333333333,13.2333333333333,Bayern,116,93,106,63,87,104,120,116,92,84,99,129,1209
