<PAMDataset>
  <Metadata domain="IMAGE_STRUCTURE">
    <MDI key="INTERLEAVE">BAND</MDI>
  </Metadata>
  <Metadata domain="ENVI">
    <MDI key="bands">1</MDI>
    <MDI key="byte_order">0</MDI>
    <MDI key="data_type">5</MDI>
    <MDI key="file_type">ENVI Standard</MDI>
    <MDI key="header_offset">0</MDI>
    <MDI key="interleave">bsq</MDI>
    <MDI key="lines">709</MDI>
    <MDI key="samples">1306</MDI>
  </Metadata>
  <PAMRasterBand band="1">
    <NoDataValue>-3.40000000000000E+38</NoDataValue>
    <Metadata>
      <MDI key="STATISTICS_MAXIMUM">2481</MDI>
      <MDI key="STATISTICS_MEAN">nan</MDI>
      <MDI key="STATISTICS_MINIMUM">0</MDI>
      <MDI key="STATISTICS_STDDEV">nan</MDI>
    </Metadata>
  </PAMRasterBand>
</PAMDataset>
